조건,trade_id,region,price,price_est,price_low,price_high,confidence,status
면적 없음·호 없음,9395,화곡동,430000000,326900000,241100000,443300000,0.63,ok
면적 없음·호 없음,16087,관악구,160000000,200400000,132800000,302200000,0.57,ok
면적 없음·호 없음,20462,강남구,430000000,509900000,408400000,636700000,0.79,ok
면적 없음·호 없음,8973,화곡동,255000000,252000000,185800000,341700000,0.64,ok
면적 없음·호 없음,8923,화곡동,197000000,252500000,186200000,342400000,0.68,ok
면적 없음·호 없음,9194,화곡동,155000000,149900000,120000000,187100000,0.73,ok
면적 없음·호 없음,9126,화곡동,260000000,210600000,168700000,263000000,0.72,ok
면적 없음·호 없음,8248,화곡동,405000000,409600000,328100000,511500000,0.77,ok
면적 없음·호 없음,16737,관악구,419000000,433100000,346900000,540700000,0.72,ok
면적 없음·호 없음,16468,관악구,390000000,387500000,256900000,584500000,0.56,ok
면적 없음·호 없음,20474,강남구,499000000,460100000,368500000,574400000,0.75,ok
면적 없음·호 없음,8307,화곡동,168000000,193900000,155300000,242100000,0.74,ok
면적 없음·호 없음,20165,강남구,540000000,472900000,378800000,590500000,0.73,ok
면적 없음·호 없음,20579,강남구,800000000,841500000,620500000,1141100000,0.69,ok
면적 없음·호 없음,16359,관악구,262000000,349200000,279700000,436000000,0.72,ok
면적 없음·호 없음,20618,강남구,800000000,720300000,576900000,899300000,0.76,ok
면적 없음·호 없음,20385,강남구,275000000,286800000,229700000,358000000,0.78,ok
면적 없음·호 없음,9012,화곡동,208000000,236200000,174200000,320300000,0.67,ok
면적 없음·호 없음,16116,관악구,220000000,223500000,164800000,303000000,0.66,ok
면적 없음·호 없음,9735,화곡동,242000000,230200000,184400000,287400000,0.77,ok
면적 없음·호 없음,8171,화곡동,280000000,233700000,187200000,291800000,0.74,ok
면적 없음·호 없음,16434,관악구,202000000,201100000,161100000,251100000,0.74,ok
면적 없음·호 없음,20560,강남구,505000000,603900000,483700000,754000000,0.71,ok
면적 없음·호 없음,20398,강남구,700000000,729200000,537700000,988900000,0.63,ok
면적 없음·호 없음,15825,관악구,340000000,390100000,287700000,529000000,0.65,ok
면적 없음·호 없음,15833,관악구,220000000,256100000,188800000,347200000,0.64,ok
면적 없음·호 없음,20473,강남구,1440000000,1274300000,1072300000,1514300000,0.81,ok
면적 없음·호 없음,20721,강남구,705000000,692600000,554700000,864700000,0.75,ok
면적 없음·호 없음,17071,관악구,300000000,285500000,228600000,356400000,0.75,ok
면적 없음·호 없음,8649,화곡동,416500000,463500000,371200000,578700000,0.73,ok
면적 없음·호 없음,9569,화곡동,180000000,179800000,132600000,243800000,0.67,ok
면적 없음·호 없음,8147,화곡동,177000000,163900000,131300000,204600000,0.73,ok
면적 없음·호 없음,16838,관악구,385000000,373700000,314500000,444100000,0.8,ok
면적 없음·호 없음,17283,관악구,355000000,406100000,325300000,507100000,0.79,ok
면적 없음·호 없음,20552,강남구,1390000000,1039400000,689100000,1568000000,0.51,ok
면적 없음·호 없음,16451,관악구,305000000,285800000,228900000,356900000,0.76,ok
면적 없음·호 없음,16078,관악구,328000000,368400000,295100000,460000000,0.72,ok
면적 없음·호 없음,8584,화곡동,297000000,216400000,173300000,270200000,0.73,ok
면적 없음·호 없음,17009,관악구,360000000,351900000,259500000,477200000,0.7,ok
면적 없음·호 없음,9600,화곡동,100000000,138600000,91900000,209000000,0.5,ok
면적 없음·호 없음,16689,관악구,288000000,273600000,201800000,371100000,0.61,ok
면적 없음·호 없음,16425,관악구,475000000,291400000,233400000,363900000,0.74,ok
면적 없음·호 없음,20873,강남구,570000000,622300000,458900000,843900000,0.66,ok
면적 없음·호 없음,9720,화곡동,270000000,223300000,178800000,278800000,0.71,ok
면적 없음·호 없음,20355,강남구,350000000,412500000,330400000,515100000,0.77,ok
면적 없음·호 없음,9574,화곡동,288000000,258000000,206700000,322200000,0.74,ok
면적 없음·호 없음,16824,관악구,300000000,421900000,311100000,572200000,0.66,ok
면적 없음·호 없음,20268,강남구,750000000,775200000,513900000,1169400000,0.54,ok
면적 없음·호 없음,21220,강남구,350000000,346200000,277200000,432200000,0.77,ok
면적 없음·호 없음,20878,강남구,447500000,473500000,379200000,591200000,0.73,ok
면적 없음·호 입력,9395,화곡동,430000000,352900000,282600000,440600000,0.7,ok
면적 없음·호 입력,16087,관악구,160000000,202300000,149100000,274300000,0.64,ok
면적 없음·호 입력,20462,강남구,430000000,466200000,392300000,554000000,0.88,ok
면적 없음·호 입력,8973,화곡동,255000000,319600000,256000000,399000000,0.71,ok
면적 없음·호 입력,8923,화곡동,197000000,253400000,203000000,316400000,0.76,ok
면적 없음·호 입력,9194,화곡동,155000000,149800000,126000000,178000000,0.81,ok
면적 없음·호 입력,9126,화곡동,260000000,205500000,164600000,256600000,0.79,ok
면적 없음·호 입력,8248,화곡동,405000000,415700000,349800000,494000000,0.86,ok
면적 없음·호 입력,16737,관악구,419000000,433100000,346900000,540700000,0.72,ok
면적 없음·호 입력,16468,관악구,390000000,387500000,285800000,525500000,0.63,ok
면적 없음·호 입력,20474,강남구,499000000,536000000,451000000,637000000,0.84,ok
면적 없음·호 입력,8307,화곡동,168000000,161300000,135800000,191700000,0.83,ok
면적 없음·호 입력,20165,강남구,540000000,402900000,339000000,478800000,0.81,ok
면적 없음·호 입력,20579,강남구,800000000,868600000,730900000,1032200000,0.82,ok
면적 없음·호 입력,16359,관악구,262000000,306100000,245200000,382200000,0.79,ok
면적 없음·호 입력,20618,강남구,800000000,679300000,544000000,848100000,0.76,ok
면적 없음·호 입력,20385,강남구,275000000,300100000,252500000,356600000,0.87,ok
면적 없음·호 입력,9012,화곡동,208000000,240800000,192800000,300600000,0.75,ok
면적 없음·호 입력,16116,관악구,220000000,233800000,187200000,291900000,0.78,ok
면적 없음·호 입력,9735,화곡동,242000000,240500000,202400000,285800000,0.85,ok
면적 없음·호 입력,8171,화곡동,280000000,264600000,222700000,314500000,0.83,ok
면적 없음·호 입력,16434,관악구,202000000,190400000,160200000,226200000,0.85,ok
면적 없음·호 입력,20560,강남구,505000000,508700000,407400000,635100000,0.79,ok
면적 없음·호 입력,20398,강남구,700000000,425600000,340800000,531300000,0.7,ok
면적 없음·호 입력,15825,관악구,340000000,312000000,249900000,389600000,0.72,ok
면적 없음·호 입력,15833,관악구,220000000,256100000,205100000,319700000,0.72,ok
면적 없음·호 입력,20473,강남구,1440000000,1274300000,1072300000,1514300000,0.81,ok
면적 없음·호 입력,20721,강남구,705000000,760300000,608900000,949300000,0.75,ok
면적 없음·호 입력,17071,관악구,300000000,292900000,246500000,348100000,0.84,ok
면적 없음·호 입력,8649,화곡동,416500000,476900000,401300000,566800000,0.82,ok
면적 없음·호 입력,9569,화곡동,180000000,179800000,144000000,224500000,0.74,ok
면적 없음·호 입력,8147,화곡동,177000000,167800000,141200000,199400000,0.81,ok
면적 없음·호 입력,16838,관악구,385000000,389900000,328100000,463400000,0.8,ok
면적 없음·호 입력,17283,관악구,355000000,377400000,317600000,448500000,0.88,ok
면적 없음·호 입력,20552,강남구,1390000000,1039800000,689300000,1568500000,0.56,ok
면적 없음·호 입력,16451,관악구,305000000,322600000,271500000,383400000,0.85,ok
면적 없음·호 입력,16078,관악구,328000000,338500000,284900000,402300000,0.8,ok
면적 없음·호 입력,8584,화곡동,297000000,261800000,209700000,326900000,0.73,ok
면적 없음·호 입력,17009,관악구,360000000,335700000,268900000,419100000,0.77,ok
면적 없음·호 입력,9600,화곡동,100000000,145200000,96300000,219100000,0.56,ok
면적 없음·호 입력,16689,관악구,288000000,273600000,201800000,371100000,0.68,ok
면적 없음·호 입력,16425,관악구,475000000,374600000,300000000,467700000,0.74,ok
면적 없음·호 입력,20873,강남구,570000000,622300000,498400000,777000000,0.73,ok
면적 없음·호 입력,9720,화곡동,270000000,219100000,175500000,273600000,0.79,ok
면적 없음·호 입력,20355,강남구,350000000,412500000,347100000,490300000,0.86,ok
면적 없음·호 입력,9574,화곡동,288000000,258000000,217100000,306700000,0.82,ok
면적 없음·호 입력,16824,관악구,300000000,421900000,337900000,526800000,0.73,ok
면적 없음·호 입력,20268,강남구,750000000,775200000,513900000,1169400000,0.6,ok
면적 없음·호 입력,21220,강남구,350000000,365400000,307400000,434200000,0.85,ok
면적 없음·호 입력,20878,강남구,447500000,494900000,416400000,588100000,0.82,ok
