월,강남구,관악구,화곡동
2021-10,66,200,330
2021-11,64,147,265
2021-12,70,199,235
2022-01,72,137,240
2022-02,50,126,228
2022-03,68,139,417
2022-04,129,204,406
2022-05,122,261,348
2022-06,99,156,295
2022-07,65,113,224
2022-08,24,80,188
2022-09,33,76,140
2022-10,56,92,107
2022-11,31,52,69
2022-12,17,51,94
2023-01,13,69,57
2023-02,37,89,115
2023-03,22,86,149
2023-04,65,101,128
2023-05,68,101,110
2023-06,42,166,141
2023-07,48,77,107
2023-08,56,91,127
2023-09,46,111,136
2023-10,32,118,141
2023-11,37,96,155
2023-12,19,112,133
2024-01,58,83,144
2024-02,46,83,127
2024-03,35,97,193
2024-04,38,118,145
2024-05,41,114,144
2024-06,64,86,156
2024-07,49,152,136
2024-08,77,96,125
2024-09,56,101,92
2024-10,42,94,138
2024-11,62,127,108
2024-12,31,111,102
2025-01,33,57,88
2025-02,39,122,107
2025-03,72,127,192
2025-04,58,124,143
2025-05,100,177,184
2025-06,113,140,167
2025-07,62,104,151
2025-08,59,80,121
2025-09,102,170,132
2025-10,105,168,148
2025-11,112,87,101
2025-12,111,145,110
2026-01,138,164,141
2026-02,60,146,147
2026-03,79,189,227
2026-04,132,221,197
2026-05,144,228,185
2026-06,88,160,175
2026-07,80,135,159
2026-08,89,169,137
2026-09,46,103,109
