권역,거래유형,실제_억,추정_억,오차율_%
화곡동,중개거래,1.98,1.878,-5.2
화곡동,직거래,1.61,1.664,3.3
화곡동,직거래,2.0,2.2,10.0
화곡동,직거래,0.79,1.254,58.7
화곡동,중개거래,2.0,2.013,0.7
화곡동,직거래,1.8,1.865,3.6
화곡동,직거래,2.4,2.568,7.0
화곡동,직거래,2.4,2.604,8.5
화곡동,직거래,2.4,2.518,4.9
화곡동,중개거래,2.35,2.27,-3.4
화곡동,중개거래,4.15,4.04,-2.7
화곡동,중개거래,2.45,2.051,-16.3
화곡동,중개거래,2.45,2.308,-5.8
화곡동,중개거래,2.195,1.63,-25.8
화곡동,중개거래,3.05,2.749,-9.9
화곡동,중개거래,2.3,2.286,-0.6
화곡동,중개거래,2.8,2.65,-5.3
화곡동,직거래,0.7,1.118,59.6
화곡동,중개거래,1.95,1.961,0.5
화곡동,중개거래,2.4,3.205,33.6
화곡동,중개거래,2.6,2.535,-2.5
화곡동,직거래,2.55,2.439,-4.4
화곡동,중개거래,2.5,2.739,9.6
화곡동,중개거래,2.7,2.321,-14.0
화곡동,직거래,1.6,2.787,74.2
화곡동,직거래,3.55,4.167,17.4
화곡동,중개거래,0.9,1.192,32.4
화곡동,직거래,1.0,1.795,79.5
화곡동,중개거래,2.88,2.733,-5.1
화곡동,중개거래,1.65,2.141,29.8
화곡동,중개거래,2.4,2.62,9.2
화곡동,중개거래,1.6,1.902,18.9
화곡동,중개거래,2.45,2.443,-0.3
화곡동,중개거래,2.15,1.839,-14.5
화곡동,중개거래,3.1,2.534,-18.3
화곡동,중개거래,1.58,1.751,10.8
화곡동,중개거래,1.06,1.445,36.3
화곡동,중개거래,3.1,2.935,-5.3
화곡동,중개거래,2.0,2.657,32.8
화곡동,직거래,3.55,4.167,17.4
화곡동,중개거래,1.3,1.322,1.7
화곡동,중개거래,1.99,1.741,-12.5
화곡동,중개거래,1.75,2.439,39.4
화곡동,직거래,2.59,3.068,18.5
화곡동,직거래,3.085,3.47,12.5
화곡동,직거래,3.035,3.496,15.2
화곡동,직거래,2.625,3.066,16.8
화곡동,직거래,3.035,3.47,14.3
화곡동,직거래,3.08,3.496,13.5
화곡동,직거래,2.64,3.012,14.1
화곡동,직거래,3.05,3.404,11.6
화곡동,직거래,3.1,3.43,10.6
화곡동,직거래,2.655,3.047,14.8
화곡동,직거래,3.065,3.446,12.4
화곡동,직거래,3.115,3.472,11.5
화곡동,직거래,2.625,3.05,16.2
화곡동,직거래,3.035,3.45,13.7
화곡동,직거래,3.085,3.476,12.7
화곡동,중개거래,1.35,1.634,21.0
화곡동,중개거래,1.55,1.914,23.5
화곡동,중개거래,1.4,1.683,20.2
화곡동,중개거래,3.7,2.459,-33.5
화곡동,중개거래,1.58,1.803,14.1
화곡동,중개거래,2.4,2.328,-3.0
화곡동,중개거래,2.0,2.049,2.5
화곡동,중개거래,1.9,1.764,-7.1
화곡동,중개거래,1.95,2.24,14.9
화곡동,중개거래,2.45,2.618,6.9
화곡동,중개거래,2.8,2.447,-12.6
화곡동,중개거래,3.4,2.716,-20.1
화곡동,중개거래,1.9,2.355,24.0
화곡동,중개거래,2.37,2.261,-4.6
화곡동,중개거래,2.33,2.463,5.7
화곡동,중개거래,3.29,3.087,-6.2
화곡동,중개거래,1.65,1.757,6.5
화곡동,중개거래,3.0,2.682,-10.6
화곡동,중개거래,1.56,1.844,18.2
화곡동,중개거래,1.6,1.598,-0.2
화곡동,중개거래,2.24,2.257,0.8
화곡동,중개거래,1.965,2.007,2.1
화곡동,중개거래,2.3,2.369,3.0
화곡동,중개거래,1.1,1.623,47.6
화곡동,중개거래,1.77,1.692,-4.4
화곡동,중개거래,2.1,1.688,-19.6
화곡동,중개거래,2.6,2.602,0.1
화곡동,직거래,0.8,1.803,125.4
화곡동,중개거래,2.78,2.386,-14.2
화곡동,중개거래,2.3,2.375,3.3
화곡동,중개거래,0.6,0.813,35.5
화곡동,중개거래,2.1,2.365,12.6
화곡동,중개거래,2.57,1.951,-24.1
화곡동,중개거래,3.0,2.213,-26.2
화곡동,중개거래,1.7,1.918,12.8
화곡동,중개거래,1.99,2.38,19.6
화곡동,중개거래,2.8,2.619,-6.5
화곡동,직거래,1.1,1.51,37.3
화곡동,중개거래,4.3,4.033,-6.2
화곡동,중개거래,2.17,2.549,17.5
화곡동,중개거래,2.5,2.272,-9.1
화곡동,중개거래,3.0,2.514,-16.2
화곡동,중개거래,3.9,3.112,-20.2
화곡동,중개거래,1.675,1.809,8.0
화곡동,직거래,1.1,1.666,51.5
화곡동,중개거래,2.77,2.684,-3.1
화곡동,중개거래,2.0,2.243,12.2
화곡동,중개거래,2.29,2.382,4.0
화곡동,중개거래,2.77,2.466,-11.0
화곡동,중개거래,2.33,2.187,-6.1
화곡동,중개거래,1.45,1.572,8.4
화곡동,중개거래,2.8,2.457,-12.3
화곡동,중개거래,1.9,2.067,8.8
화곡동,중개거래,3.9,3.037,-22.1
화곡동,중개거래,1.89,1.719,-9.0
화곡동,중개거래,1.5,1.328,-11.5
화곡동,중개거래,1.37,1.838,34.2
화곡동,중개거래,2.4,2.806,16.9
화곡동,중개거래,1.5,1.871,24.7
화곡동,중개거래,2.1,2.186,4.1
화곡동,중개거래,3.7,3.167,-14.4
화곡동,중개거래,2.45,1.973,-19.5
화곡동,중개거래,1.55,1.852,19.5
화곡동,중개거래,1.9,1.968,3.6
화곡동,중개거래,1.65,2.218,34.4
화곡동,중개거래,0.9,1.168,29.8
화곡동,중개거래,2.3,2.261,-1.7
화곡동,중개거래,1.84,2.849,54.8
화곡동,중개거래,2.2,1.868,-15.1
화곡동,중개거래,1.78,1.779,-0.0
화곡동,중개거래,2.58,2.836,9.9
화곡동,중개거래,2.78,2.522,-9.3
화곡동,중개거래,2.2,2.315,5.2
화곡동,중개거래,3.05,2.987,-2.1
화곡동,중개거래,1.545,1.728,11.9
화곡동,중개거래,2.01,2.193,9.1
화곡동,중개거래,4.05,4.112,1.5
화곡동,중개거래,2.768,2.885,4.2
화곡동,중개거래,2.3,1.978,-14.0
화곡동,중개거래,3.3,2.889,-12.5
화곡동,중개거래,2.9,2.666,-8.1
화곡동,직거래,1.4,2.259,61.3
화곡동,중개거래,2.4,2.669,11.2
화곡동,중개거래,2.42,2.634,8.9
화곡동,직거래,1.6,1.859,16.2
화곡동,중개거래,1.93,1.57,-18.6
화곡동,중개거래,0.55,0.933,69.6
화곡동,중개거래,2.2,2.583,17.4
화곡동,직거래,1.4,1.648,17.7
화곡동,중개거래,1.25,1.367,9.3
화곡동,중개거래,1.85,1.532,-17.2
화곡동,중개거래,1.25,1.75,40.0
화곡동,중개거래,1.9,2.026,6.6
화곡동,중개거래,2.15,1.859,-13.5
화곡동,중개거래,1.85,1.861,0.6
화곡동,중개거래,2.5,2.014,-19.5
화곡동,중개거래,1.75,2.06,17.7
화곡동,중개거래,2.58,2.386,-7.5
화곡동,중개거래,2.75,2.482,-9.8
화곡동,중개거래,2.025,2.234,10.3
화곡동,중개거래,2.3,2.555,11.1
화곡동,중개거래,1.868,2.121,13.5
화곡동,중개거래,2.7,2.228,-17.5
화곡동,중개거래,1.45,1.576,8.7
화곡동,중개거래,2.15,2.339,8.8
화곡동,중개거래,1.68,1.615,-3.9
화곡동,중개거래,2.02,2.229,10.3
화곡동,중개거래,2.9,2.563,-11.6
화곡동,중개거래,2.7,2.843,5.3
화곡동,중개거래,2.6,2.404,-7.5
화곡동,중개거래,2.25,2.752,22.3
화곡동,중개거래,2.89,2.945,1.9
화곡동,중개거래,2.61,2.701,3.5
화곡동,중개거래,2.87,2.472,-13.9
화곡동,중개거래,3.0,2.795,-6.8
화곡동,중개거래,2.79,2.669,-4.4
화곡동,중개거래,1.775,1.868,5.3
화곡동,중개거래,2.3,2.278,-0.9
화곡동,중개거래,1.52,1.581,4.0
화곡동,직거래,2.55,3.474,36.2
화곡동,중개거래,2.2,1.968,-10.5
화곡동,중개거래,1.85,2.145,15.9
화곡동,중개거래,2.6,2.421,-6.9
화곡동,중개거래,2.9,2.643,-8.9
화곡동,중개거래,2.95,2.713,-8.0
화곡동,중개거래,1.84,1.69,-8.1
화곡동,중개거래,1.74,1.619,-7.0
화곡동,직거래,1.4,1.68,20.0
화곡동,중개거래,2.55,2.612,2.4
화곡동,중개거래,2.7,2.703,0.1
화곡동,중개거래,2.95,2.739,-7.1
화곡동,중개거래,2.45,2.198,-10.3
화곡동,직거래,2.35,2.744,16.7
화곡동,중개거래,2.8,2.419,-13.6
화곡동,중개거래,3.25,2.436,-25.1
화곡동,중개거래,2.2,2.667,21.2
화곡동,중개거래,2.27,2.822,24.3
화곡동,중개거래,4.0,2.802,-29.9
화곡동,중개거래,3.25,2.344,-27.9
화곡동,중개거래,1.73,1.879,8.6
화곡동,중개거래,1.9,1.944,2.3
화곡동,중개거래,3.17,2.82,-11.1
화곡동,중개거래,2.73,2.468,-9.6
화곡동,직거래,2.4,1.997,-16.8
화곡동,중개거래,1.5,1.703,13.6
화곡동,중개거래,2.85,2.58,-9.5
화곡동,중개거래,2.7,2.572,-4.7
화곡동,중개거래,3.0,2.818,-6.1
화곡동,중개거래,1.85,1.711,-7.5
화곡동,중개거래,1.7,1.613,-5.1
화곡동,중개거래,3.0,2.546,-15.1
화곡동,중개거래,2.4,2.531,5.4
화곡동,중개거래,2.1,2.494,18.8
화곡동,중개거래,1.7,1.839,8.2
화곡동,중개거래,3.8,3.341,-12.1
화곡동,직거래,1.35,1.628,20.6
화곡동,중개거래,2.0,2.081,4.0
화곡동,중개거래,1.1,1.496,36.0
화곡동,중개거래,1.68,1.765,5.1
화곡동,중개거래,2.99,2.766,-7.5
화곡동,직거래,1.3,1.661,27.8
화곡동,중개거래,2.7,2.703,0.1
화곡동,중개거래,1.85,2.107,13.9
화곡동,중개거래,3.4,2.769,-18.6
화곡동,중개거래,1.8,2.019,12.2
화곡동,중개거래,3.4,2.396,-29.5
화곡동,중개거래,1.4,1.451,3.6
화곡동,직거래,2.05,2.327,13.5
화곡동,직거래,0.77,1.664,116.1
화곡동,중개거래,1.6,1.787,11.7
화곡동,직거래,1.868,2.269,21.5
화곡동,중개거래,2.08,1.801,-13.4
화곡동,중개거래,2.15,2.179,1.4
화곡동,중개거래,2.5,2.472,-1.1
화곡동,중개거래,1.85,2.027,9.6
화곡동,중개거래,2.15,2.455,14.2
화곡동,중개거래,3.85,2.946,-23.5
화곡동,중개거래,1.541,2.23,44.7
화곡동,중개거래,2.78,2.414,-13.2
화곡동,중개거래,2.35,1.734,-26.2
화곡동,중개거래,3.0,2.357,-21.4
화곡동,중개거래,1.72,1.781,3.5
화곡동,중개거래,1.9,1.333,-29.8
화곡동,중개거래,1.67,1.846,10.5
화곡동,직거래,1.9,2.387,25.6
화곡동,중개거래,1.66,1.868,12.5
화곡동,중개거래,1.55,1.959,26.4
화곡동,중개거래,2.6,2.223,-14.5
화곡동,중개거래,1.49,1.939,30.2
화곡동,중개거래,1.65,1.695,2.7
화곡동,중개거래,2.45,2.537,3.5
화곡동,중개거래,2.2,2.233,1.5
화곡동,중개거래,2.4,2.184,-9.0
화곡동,중개거래,2.85,2.27,-20.4
화곡동,직거래,1.3,2.072,59.4
화곡동,중개거래,1.08,1.346,24.7
화곡동,중개거래,2.68,2.531,-5.5
화곡동,중개거래,1.7,2.069,21.7
화곡동,중개거래,2.34,2.334,-0.3
화곡동,중개거래,2.2,3.054,38.8
화곡동,중개거래,2.2,2.209,0.4
화곡동,중개거래,2.2,2.488,13.1
화곡동,중개거래,2.55,2.555,0.2
화곡동,중개거래,1.9,2.187,15.1
화곡동,중개거래,2.05,1.703,-16.9
화곡동,중개거래,2.95,1.854,-37.2
화곡동,중개거래,2.4,2.553,6.4
화곡동,중개거래,1.88,1.976,5.1
화곡동,중개거래,2.5,2.359,-5.6
화곡동,중개거래,2.15,2.237,4.0
화곡동,중개거래,2.0,2.408,20.4
화곡동,중개거래,2.33,1.911,-18.0
화곡동,중개거래,1.65,1.973,19.6
화곡동,중개거래,1.4,1.441,2.9
화곡동,중개거래,2.5,2.171,-13.2
화곡동,중개거래,2.35,2.473,5.2
화곡동,중개거래,2.87,2.44,-15.0
화곡동,중개거래,2.97,3.273,10.2
화곡동,중개거래,2.075,2.193,5.7
화곡동,중개거래,3.0,2.457,-18.1
화곡동,중개거래,2.65,2.59,-2.3
화곡동,중개거래,1.83,1.224,-33.1
화곡동,중개거래,2.6,2.469,-5.0
화곡동,중개거래,2.15,1.958,-9.0
화곡동,중개거래,2.5,2.31,-7.6
화곡동,중개거래,2.37,2.733,15.3
화곡동,중개거래,1.7,2.12,24.7
화곡동,중개거래,1.24,1.621,30.8
화곡동,중개거래,2.0,2.077,3.8
화곡동,중개거래,2.2,2.063,-6.2
화곡동,중개거래,3.55,3.211,-9.5
화곡동,중개거래,2.3,2.331,1.4
화곡동,중개거래,1.8,1.791,-0.5
화곡동,중개거래,2.2,2.077,-5.6
화곡동,중개거래,2.2,2.229,1.3
화곡동,중개거래,1.48,1.892,27.8
화곡동,중개거래,2.05,2.071,1.0
화곡동,중개거래,1.4,1.48,5.7
화곡동,중개거래,2.49,2.296,-7.8
화곡동,중개거래,2.4,2.324,-3.2
화곡동,중개거래,1.56,1.595,2.2
화곡동,중개거래,1.0,1.252,25.2
화곡동,중개거래,2.39,2.183,-8.7
화곡동,중개거래,1.85,1.821,-1.6
화곡동,중개거래,2.97,2.636,-11.3
화곡동,직거래,3.465,3.96,14.3
화곡동,중개거래,2.35,2.103,-10.5
화곡동,직거래,0.79,1.717,117.4
화곡동,중개거래,2.79,1.994,-28.5
화곡동,중개거래,1.55,1.713,10.5
화곡동,중개거래,3.4,2.377,-30.1
화곡동,중개거래,3.13,3.142,0.4
화곡동,중개거래,3.67,2.989,-18.6
화곡동,직거래,1.8,2.042,13.5
화곡동,직거래,1.2,1.707,42.3
화곡동,중개거래,1.8,2.424,34.7
화곡동,중개거래,1.39,1.585,14.1
화곡동,중개거래,3.0,3.242,8.1
화곡동,중개거래,2.4,2.583,7.6
화곡동,중개거래,1.63,1.861,14.2
화곡동,중개거래,3.1,3.005,-3.0
화곡동,중개거래,2.3,1.726,-25.0
화곡동,중개거래,3.1,2.452,-20.9
화곡동,중개거래,3.55,2.477,-30.2
화곡동,중개거래,2.0,1.94,-3.0
화곡동,중개거래,3.4,2.876,-15.4
화곡동,중개거래,2.35,2.469,5.0
화곡동,중개거래,3.3,3.119,-5.5
화곡동,중개거래,2.8,2.678,-4.3
화곡동,중개거래,1.9,1.788,-5.9
화곡동,직거래,3.855,4.569,18.5
화곡동,직거래,3.995,4.682,17.2
화곡동,직거래,4.105,4.825,17.5
화곡동,직거래,3.915,4.565,16.6
화곡동,직거래,4.055,4.678,15.4
화곡동,직거래,4.165,4.821,15.8
화곡동,직거래,3.915,4.486,14.6
화곡동,직거래,4.055,4.598,13.4
화곡동,직거래,4.165,4.738,13.8
화곡동,직거래,3.43,3.997,16.5
화곡동,직거래,3.79,4.394,15.9
화곡동,직거래,3.955,4.474,13.1
화곡동,직거래,2.765,3.48,25.9
화곡동,직거래,3.145,3.741,18.9
화곡동,직거래,3.475,4.049,16.5
화곡동,중개거래,2.3,1.873,-18.6
화곡동,중개거래,3.28,2.674,-18.5
화곡동,직거래,2.5,2.716,8.6
화곡동,중개거래,1.9,1.832,-3.6
화곡동,중개거래,2.7,2.271,-15.9
화곡동,중개거래,1.45,1.653,14.0
화곡동,중개거래,2.2,2.244,2.0
화곡동,중개거래,3.4,2.794,-17.8
화곡동,직거래,1.75,1.957,11.8
화곡동,중개거래,0.9,1.023,13.6
화곡동,중개거래,2.39,2.483,3.9
화곡동,중개거래,2.7,2.609,-3.4
화곡동,중개거래,2.25,2.406,6.9
화곡동,중개거래,2.1,2.224,5.9
화곡동,중개거래,2.49,2.342,-5.9
화곡동,중개거래,2.6,2.029,-22.0
화곡동,중개거래,2.08,2.739,31.7
화곡동,중개거래,3.75,3.644,-2.8
화곡동,중개거래,2.77,2.37,-14.4
화곡동,중개거래,2.5,2.437,-2.5
화곡동,중개거래,2.25,2.343,4.1
화곡동,직거래,2.85,2.425,-14.9
화곡동,직거래,1.85,2.134,15.3
화곡동,중개거래,2.25,2.104,-6.5
화곡동,중개거래,2.95,2.601,-11.8
화곡동,직거래,1.3,2.025,55.8
화곡동,중개거래,1.63,1.424,-12.6
화곡동,중개거래,2.55,2.135,-16.3
화곡동,중개거래,1.5,2.082,38.8
화곡동,중개거래,3.65,3.749,2.7
화곡동,중개거래,2.2,2.249,2.2
화곡동,중개거래,2.35,2.128,-9.4
화곡동,중개거래,0.9,1.154,28.3
화곡동,직거래,1.0,1.554,55.4
화곡동,중개거래,2.15,2.062,-4.1
화곡동,중개거래,2.5,2.754,10.1
화곡동,중개거래,2.63,2.947,12.0
화곡동,중개거래,2.7,2.422,-10.3
화곡동,중개거래,2.6,2.479,-4.7
화곡동,중개거래,2.0,2.261,13.1
화곡동,중개거래,2.25,2.48,10.2
화곡동,직거래,2.2,2.335,6.1
화곡동,중개거래,2.9,2.667,-8.0
화곡동,중개거래,2.03,2.191,7.9
화곡동,중개거래,2.55,2.437,-4.4
화곡동,중개거래,1.42,1.569,10.5
화곡동,중개거래,2.42,2.627,8.6
화곡동,직거래,1.5,1.851,23.4
화곡동,중개거래,2.9,2.609,-10.0
화곡동,중개거래,2.85,2.904,1.9
화곡동,중개거래,1.9,2.336,23.0
화곡동,중개거래,2.28,2.105,-7.7
화곡동,중개거래,1.45,1.581,9.1
화곡동,중개거래,1.22,1.481,21.4
화곡동,중개거래,2.72,2.44,-10.3
화곡동,중개거래,1.38,1.816,31.6
화곡동,직거래,1.5,1.58,5.3
화곡동,중개거래,2.87,2.845,-0.9
화곡동,중개거래,2.72,2.526,-7.1
화곡동,중개거래,1.75,2.257,29.0
화곡동,중개거래,3.05,2.622,-14.0
화곡동,중개거래,1.97,1.851,-6.0
화곡동,중개거래,1.6,1.959,22.4
화곡동,중개거래,2.13,2.488,16.8
화곡동,중개거래,1.28,1.831,43.1
화곡동,직거래,2.69,3.057,13.6
화곡동,중개거래,1.7,1.827,7.5
화곡동,중개거래,2.1,2.151,2.4
화곡동,직거래,1.51,2.113,40.0
화곡동,중개거래,1.59,1.977,24.3
화곡동,중개거래,2.88,2.45,-14.9
화곡동,중개거래,2.0,1.816,-9.2
화곡동,중개거래,0.52,0.906,74.2
화곡동,중개거래,1.7,1.908,12.3
화곡동,직거래,3.5,3.159,-9.8
화곡동,중개거래,2.36,2.524,6.9
화곡동,중개거래,2.5,2.375,-5.0
화곡동,중개거래,3.1,2.744,-11.5
화곡동,중개거래,1.93,1.773,-8.1
화곡동,중개거래,2.48,2.601,4.9
화곡동,중개거래,2.0,2.476,23.8
화곡동,중개거래,2.5,2.67,6.8
화곡동,중개거래,1.9,2.0,5.2
화곡동,중개거래,1.3,1.56,20.0
화곡동,중개거래,2.18,2.274,4.3
화곡동,중개거래,1.53,1.493,-2.4
화곡동,직거래,1.02,1.436,40.8
화곡동,중개거래,1.37,1.931,41.0
화곡동,중개거래,1.37,1.737,26.8
화곡동,중개거래,1.88,1.887,0.3
화곡동,중개거래,2.6,2.567,-1.3
화곡동,중개거래,2.2,2.621,19.1
화곡동,중개거래,1.6,1.591,-0.6
화곡동,중개거래,2.2,2.006,-8.8
화곡동,중개거래,2.225,2.361,6.1
화곡동,중개거래,2.18,2.143,-1.7
화곡동,중개거래,2.63,2.443,-7.1
화곡동,중개거래,2.0,2.913,45.7
화곡동,중개거래,2.57,2.395,-6.8
화곡동,중개거래,2.18,1.611,-26.1
화곡동,중개거래,1.77,1.685,-4.8
화곡동,중개거래,4.0,3.96,-1.0
화곡동,중개거래,3.5,2.969,-15.2
화곡동,중개거래,2.45,2.719,11.0
화곡동,중개거래,1.8,2.133,18.5
화곡동,중개거래,1.71,1.918,12.2
화곡동,중개거래,1.8,1.735,-3.6
화곡동,직거래,2.0,1.3,-35.0
화곡동,중개거래,2.39,2.446,2.4
화곡동,중개거래,2.37,2.843,20.0
화곡동,중개거래,2.78,2.428,-12.7
화곡동,직거래,0.95,1.306,37.5
화곡동,중개거래,2.64,2.592,-1.8
화곡동,중개거래,1.85,1.871,1.1
화곡동,중개거래,2.1,2.3,9.5
화곡동,중개거래,1.6,2.006,25.4
화곡동,직거래,1.6,1.087,-32.1
화곡동,중개거래,2.35,2.851,21.3
화곡동,중개거래,2.3,2.579,12.1
화곡동,중개거래,2.99,2.05,-31.4
화곡동,중개거래,2.75,2.372,-13.8
화곡동,직거래,2.1,2.322,10.6
화곡동,중개거래,1.48,1.755,18.6
화곡동,중개거래,2.13,2.063,-3.2
화곡동,중개거래,2.615,2.6,-0.6
화곡동,직거래,0.5,1.088,117.7
화곡동,중개거래,2.78,2.754,-0.9
화곡동,중개거래,2.6,2.701,3.9
화곡동,중개거래,2.15,2.114,-1.7
화곡동,직거래,1.7,2.484,46.1
화곡동,중개거래,1.65,1.74,5.5
화곡동,직거래,2.33,1.919,-17.6
화곡동,중개거래,2.3,2.0,-13.0
화곡동,중개거래,2.4,2.36,-1.7
화곡동,직거래,1.85,2.262,22.3
화곡동,중개거래,2.3,2.302,0.1
화곡동,중개거래,3.5,2.239,-36.0
화곡동,중개거래,4.45,3.127,-29.7
화곡동,중개거래,1.97,2.525,28.2
화곡동,중개거래,3.27,3.505,7.2
화곡동,중개거래,3.38,2.219,-34.4
화곡동,중개거래,1.13,1.327,17.4
화곡동,중개거래,2.77,2.368,-14.5
화곡동,중개거래,2.07,2.105,1.7
화곡동,중개거래,1.1,1.251,13.8
화곡동,중개거래,1.85,1.924,4.0
화곡동,직거래,2.1,2.152,2.5
화곡동,중개거래,2.0,1.854,-7.3
화곡동,직거래,1.2,1.842,53.5
화곡동,중개거래,2.2,2.249,2.2
화곡동,중개거래,2.57,2.341,-8.9
화곡동,중개거래,2.3,2.605,13.3
화곡동,중개거래,3.3,2.634,-20.2
화곡동,직거래,1.75,2.108,20.4
화곡동,중개거래,2.1,2.085,-0.7
화곡동,직거래,1.75,2.066,18.0
화곡동,중개거래,2.0,2.287,14.4
화곡동,중개거래,0.93,1.09,17.2
화곡동,중개거래,2.2,2.385,8.4
화곡동,중개거래,1.5,1.555,3.7
화곡동,직거래,1.85,1.799,-2.8
화곡동,중개거래,1.95,2.449,25.6
화곡동,직거래,2.55,3.165,24.1
화곡동,중개거래,2.57,2.475,-3.7
화곡동,중개거래,2.38,2.31,-2.9
화곡동,중개거래,1.15,1.717,49.3
화곡동,중개거래,3.4,2.346,-31.0
화곡동,중개거래,2.85,2.809,-1.4
화곡동,중개거래,1.33,1.454,9.3
화곡동,중개거래,2.7,2.468,-8.6
화곡동,중개거래,2.35,2.341,-0.4
화곡동,직거래,1.35,2.118,56.9
화곡동,중개거래,1.7,1.796,5.6
화곡동,중개거래,2.1,1.924,-8.4
화곡동,중개거래,2.2,2.051,-6.8
화곡동,중개거래,1.8,2.042,13.4
화곡동,중개거래,2.5,2.567,2.7
화곡동,중개거래,2.1,1.865,-11.2
화곡동,중개거래,2.15,2.216,3.1
화곡동,중개거래,3.0,2.572,-14.3
화곡동,중개거래,2.9,2.548,-12.1
화곡동,중개거래,2.9,2.687,-7.3
화곡동,중개거래,2.08,2.41,15.9
화곡동,중개거래,2.27,2.515,10.8
화곡동,중개거래,3.3,3.481,5.5
화곡동,중개거래,2.13,2.86,34.3
화곡동,직거래,2.38,2.653,11.5
화곡동,중개거래,2.85,2.594,-9.0
화곡동,중개거래,1.88,2.241,19.2
화곡동,중개거래,3.75,2.0,-46.7
화곡동,중개거래,2.65,2.211,-16.6
화곡동,직거래,1.74,2.188,25.8
화곡동,중개거래,1.85,2.03,9.8
화곡동,중개거래,2.4,2.138,-10.9
화곡동,중개거래,2.6,2.468,-5.1
화곡동,중개거래,2.4,2.23,-7.1
화곡동,직거래,1.7,1.802,6.0
화곡동,중개거래,2.0,1.995,-0.3
화곡동,중개거래,2.63,2.418,-8.0
화곡동,중개거래,2.16,2.285,5.8
화곡동,중개거래,3.9,2.248,-42.4
화곡동,중개거래,2.2,2.188,-0.5
화곡동,중개거래,1.95,2.047,5.0
화곡동,중개거래,2.5,2.883,15.3
화곡동,중개거래,3.0,3.178,5.9
화곡동,중개거래,1.79,1.969,10.0
화곡동,중개거래,1.52,1.184,-22.1
화곡동,중개거래,1.8,1.769,-1.7
화곡동,직거래,1.69,1.906,12.8
화곡동,중개거래,1.71,1.903,11.3
화곡동,중개거래,1.75,1.934,10.5
화곡동,직거래,2.0,2.271,13.6
화곡동,중개거래,2.15,2.318,7.8
화곡동,중개거래,1.85,1.983,7.2
화곡동,중개거래,1.78,1.793,0.7
화곡동,직거래,2.2,2.65,20.5
화곡동,중개거래,1.23,1.437,16.8
화곡동,중개거래,2.49,2.014,-19.1
화곡동,중개거래,1.8,2.133,18.5
화곡동,중개거래,1.65,1.863,12.9
화곡동,중개거래,2.6,2.875,10.6
화곡동,중개거래,3.59,3.135,-12.7
화곡동,중개거래,2.35,2.791,18.8
화곡동,중개거래,2.65,2.463,-7.1
화곡동,중개거래,2.34,2.199,-6.0
화곡동,직거래,2.5,2.143,-14.3
화곡동,중개거래,2.27,2.481,9.3
화곡동,중개거래,1.5,1.778,18.5
화곡동,중개거래,2.79,2.792,0.1
화곡동,직거래,1.8,1.449,-19.5
화곡동,중개거래,2.3,2.14,-7.0
화곡동,중개거래,2.4,2.317,-3.5
화곡동,중개거래,1.45,1.853,27.8
화곡동,중개거래,4.2,3.064,-27.0
화곡동,중개거래,2.59,2.693,4.0
화곡동,직거래,2.55,2.693,5.6
화곡동,중개거래,1.82,1.817,-0.2
화곡동,중개거래,2.6,2.057,-20.9
화곡동,중개거래,1.6,1.645,2.8
화곡동,중개거래,1.65,1.546,-6.3
화곡동,중개거래,2.1,1.847,-12.0
화곡동,중개거래,4.3,3.153,-26.7
화곡동,중개거래,1.5,1.783,18.9
화곡동,직거래,2.336,2.642,13.1
화곡동,직거래,2.359,2.642,12.0
화곡동,직거래,2.353,2.677,13.8
화곡동,직거래,2.404,2.677,11.4
화곡동,직거래,2.359,2.637,11.7
화곡동,직거래,2.384,2.637,10.6
화곡동,직거래,2.378,2.671,12.3
화곡동,직거래,2.429,2.671,10.0
화곡동,직거래,2.398,2.585,7.8
화곡동,직거래,2.41,2.585,7.3
화곡동,직거래,2.392,2.619,9.5
화곡동,직거래,2.429,2.619,7.8
화곡동,직거래,2.398,2.621,9.3
화곡동,직거래,2.41,2.621,8.8
화곡동,직거래,2.429,2.655,9.3
화곡동,직거래,2.429,2.655,9.3
화곡동,직거래,2.398,2.62,9.3
화곡동,직거래,2.423,2.62,8.1
화곡동,직거래,2.429,2.655,9.3
화곡동,직거래,2.429,2.655,9.3
화곡동,중개거래,2.24,2.338,4.4
화곡동,중개거래,1.65,1.876,13.7
화곡동,중개거래,1.98,2.541,28.3
화곡동,중개거래,2.78,2.375,-14.6
화곡동,중개거래,2.7,2.55,-5.6
화곡동,직거래,1.25,1.631,30.5
화곡동,중개거래,2.0,2.191,9.5
화곡동,중개거래,3.6,2.844,-21.0
화곡동,중개거래,1.6,1.741,8.8
화곡동,중개거래,2.5,2.477,-0.9
화곡동,중개거래,1.2,1.43,19.2
화곡동,중개거래,3.02,3.101,2.7
화곡동,중개거래,2.66,2.599,-2.3
화곡동,중개거래,2.98,2.35,-21.1
화곡동,중개거래,4.49,3.419,-23.9
화곡동,중개거래,1.55,1.509,-2.7
화곡동,중개거래,2.49,1.934,-22.3
화곡동,중개거래,2.2,1.965,-10.7
화곡동,중개거래,2.7,2.347,-13.1
화곡동,중개거래,2.5,2.225,-11.0
화곡동,중개거래,1.38,1.369,-0.8
화곡동,중개거래,1.4,1.517,8.3
화곡동,중개거래,1.0,1.097,9.7
화곡동,중개거래,2.15,1.986,-7.6
화곡동,중개거래,1.75,1.742,-0.5
화곡동,중개거래,3.1,2.874,-7.3
화곡동,중개거래,1.59,1.863,17.2
화곡동,중개거래,1.9,1.855,-2.4
화곡동,중개거래,2.99,2.422,-19.0
화곡동,중개거래,2.48,3.444,38.9
화곡동,직거래,5.5,3.572,-35.0
화곡동,중개거래,1.6,1.583,-1.1
화곡동,중개거래,1.55,1.611,3.9
화곡동,중개거래,2.7,2.143,-20.6
화곡동,중개거래,1.8,1.752,-2.7
화곡동,중개거래,3.6,2.104,-41.6
화곡동,중개거래,2.87,2.451,-14.6
화곡동,중개거래,2.35,2.198,-6.5
화곡동,직거래,3.5,3.627,3.6
화곡동,중개거래,3.8,2.906,-23.5
화곡동,중개거래,4.71,3.188,-32.3
화곡동,중개거래,1.8,2.043,13.5
화곡동,중개거래,2.5,2.134,-14.6
화곡동,중개거래,2.39,2.522,5.5
화곡동,중개거래,1.7,1.859,9.3
화곡동,중개거래,4.0,2.551,-36.2
화곡동,중개거래,1.83,2.182,19.2
화곡동,중개거래,2.15,2.236,4.0
화곡동,중개거래,1.3,1.164,-10.5
화곡동,중개거래,3.4,1.736,-48.9
화곡동,중개거래,1.4,1.468,4.8
화곡동,중개거래,3.0,2.086,-30.5
화곡동,직거래,1.5,1.444,-3.8
화곡동,직거래,2.5,2.629,5.2
화곡동,중개거래,1.0,1.483,48.3
화곡동,중개거래,1.9,2.01,5.8
화곡동,중개거래,1.57,1.762,12.2
화곡동,중개거래,2.2,2.202,0.1
화곡동,직거래,2.3,2.474,7.6
화곡동,중개거래,2.46,2.704,9.9
화곡동,중개거래,2.38,2.565,7.8
화곡동,중개거래,1.83,2.106,15.1
화곡동,중개거래,3.1,3.076,-0.8
화곡동,중개거래,2.3,2.178,-5.3
화곡동,중개거래,2.25,2.196,-2.4
화곡동,직거래,2.51,2.556,1.8
화곡동,중개거래,1.65,1.804,9.3
화곡동,직거래,0.9,0.936,4.0
화곡동,직거래,2.64,2.485,-5.9
화곡동,직거래,2.5,2.647,5.9
화곡동,중개거래,2.9,2.345,-19.1
화곡동,중개거래,1.95,1.762,-9.6
화곡동,중개거래,1.9,1.863,-1.9
화곡동,중개거래,2.1,2.355,12.2
화곡동,중개거래,2.15,2.253,4.8
화곡동,중개거래,2.15,2.253,4.8
화곡동,직거래,2.55,2.16,-15.3
화곡동,중개거래,1.85,1.776,-4.0
화곡동,중개거래,1.04,1.319,26.9
화곡동,중개거래,2.3,2.163,-6.0
화곡동,중개거래,4.2,3.277,-22.0
화곡동,중개거래,2.65,2.318,-12.5
화곡동,중개거래,1.5,2.157,43.8
화곡동,중개거래,1.2,1.943,61.9
화곡동,중개거래,1.94,1.928,-0.6
화곡동,중개거래,2.5,2.382,-4.7
화곡동,중개거래,1.73,1.966,13.7
화곡동,직거래,1.31,2.205,68.3
화곡동,중개거래,2.12,2.101,-0.9
화곡동,중개거래,2.55,2.591,1.6
화곡동,중개거래,3.07,2.673,-12.9
화곡동,직거래,2.2,2.275,3.4
화곡동,중개거래,2.85,2.25,-21.1
화곡동,직거래,0.9,1.107,23.0
화곡동,중개거래,1.69,1.749,3.5
화곡동,중개거래,1.35,1.278,-5.3
화곡동,중개거래,1.05,1.26,20.0
화곡동,중개거래,2.35,2.122,-9.7
화곡동,중개거래,1.87,2.004,7.2
화곡동,중개거래,2.03,1.619,-20.3
화곡동,중개거래,2.7,2.311,-14.4
화곡동,중개거래,2.06,2.501,21.4
화곡동,중개거래,1.4,1.133,-19.1
화곡동,중개거래,2.22,2.093,-5.7
화곡동,중개거래,2.4,1.883,-21.5
화곡동,중개거래,3.1,2.394,-22.8
화곡동,중개거래,2.58,2.483,-3.8
화곡동,직거래,0.9,1.161,29.0
화곡동,중개거래,2.72,2.282,-16.1
화곡동,중개거래,2.08,2.194,5.5
화곡동,중개거래,2.85,2.746,-3.6
화곡동,중개거래,2.0,2.787,39.4
화곡동,중개거래,4.3,3.498,-18.7
화곡동,중개거래,2.5,1.807,-27.7
화곡동,중개거래,2.47,2.11,-14.6
화곡동,중개거래,2.4,2.65,10.4
화곡동,중개거래,2.3,2.003,-12.9
화곡동,중개거래,1.53,1.588,3.8
화곡동,중개거래,1.6,1.646,2.9
화곡동,직거래,1.6,1.913,19.6
화곡동,직거래,3.0,2.415,-19.5
화곡동,중개거래,1.7,1.79,5.3
화곡동,중개거래,2.0,2.398,19.9
화곡동,중개거래,2.32,2.874,23.9
화곡동,중개거래,2.9,2.431,-16.2
화곡동,중개거래,3.98,2.544,-36.1
화곡동,중개거래,2.45,2.036,-16.9
화곡동,중개거래,3.3,2.701,-18.2
화곡동,중개거래,2.05,2.085,1.7
화곡동,중개거래,1.75,1.691,-3.4
화곡동,중개거래,2.28,2.192,-3.8
화곡동,중개거래,1.98,2.14,8.1
화곡동,중개거래,4.0,2.449,-38.8
화곡동,중개거래,2.27,2.534,11.6
화곡동,중개거래,2.98,2.642,-11.3
화곡동,중개거래,2.2,2.14,-2.7
화곡동,직거래,1.13,1.802,59.4
화곡동,중개거래,1.5,1.627,8.5
화곡동,중개거래,1.65,2.003,21.4
화곡동,중개거래,1.6,1.639,2.4
화곡동,중개거래,2.23,2.275,2.0
화곡동,중개거래,1.75,1.859,6.2
화곡동,중개거래,2.4,2.107,-12.2
화곡동,중개거래,2.6,2.501,-3.8
화곡동,중개거래,1.64,1.759,7.3
화곡동,중개거래,2.835,2.942,3.8
화곡동,중개거래,1.1,1.16,5.4
화곡동,중개거래,1.35,1.325,-1.9
화곡동,중개거래,1.75,1.615,-7.7
화곡동,직거래,1.21,1.913,58.1
화곡동,직거래,1.236,1.899,53.6
화곡동,직거래,1.344,2.483,84.8
화곡동,직거래,1.51,1.668,10.4
화곡동,중개거래,4.9,4.225,-13.8
화곡동,중개거래,2.42,2.19,-9.5
화곡동,직거래,2.3,2.283,-0.8
화곡동,중개거래,2.8,2.45,-12.5
화곡동,중개거래,1.6,1.606,0.4
화곡동,중개거래,2.5,2.332,-6.7
화곡동,중개거래,1.94,2.159,11.3
화곡동,중개거래,2.3,2.392,4.0
화곡동,중개거래,2.67,1.894,-29.1
화곡동,중개거래,2.96,2.636,-11.0
화곡동,직거래,3.5,2.932,-16.2
화곡동,중개거래,2.6,2.911,12.0
화곡동,중개거래,2.0,2.181,9.1
화곡동,중개거래,1.05,1.604,52.8
화곡동,직거래,2.5,2.508,0.3
화곡동,직거래,2.5,2.621,4.8
화곡동,직거래,2.5,2.678,7.1
화곡동,직거래,2.5,2.688,7.5
화곡동,직거래,2.5,2.689,7.5
화곡동,직거래,2.5,2.644,5.8
화곡동,직거래,2.5,2.664,6.5
화곡동,직거래,2.5,2.618,4.7
화곡동,중개거래,1.58,1.748,10.6
화곡동,중개거래,2.7,2.232,-17.3
화곡동,중개거래,2.65,2.525,-4.7
화곡동,직거래,1.53,1.069,-30.1
화곡동,중개거래,4.3,2.368,-44.9
화곡동,중개거래,1.83,2.32,26.8
화곡동,중개거래,3.85,3.148,-18.2
화곡동,중개거래,2.14,2.174,1.6
화곡동,중개거래,2.48,2.138,-13.8
화곡동,중개거래,2.61,2.44,-6.5
화곡동,중개거래,3.5,3.017,-13.8
화곡동,직거래,1.65,2.133,29.3
화곡동,중개거래,1.43,1.532,7.1
화곡동,중개거래,1.55,2.048,32.1
화곡동,중개거래,2.1,2.168,3.2
화곡동,중개거래,3.095,3.026,-2.2
화곡동,중개거래,2.8,2.269,-19.0
화곡동,중개거래,2.59,3.757,45.1
화곡동,중개거래,2.3,2.3,-0.0
화곡동,중개거래,1.67,2.409,44.3
화곡동,중개거래,0.97,1.283,32.3
화곡동,중개거래,2.1,1.971,-6.1
화곡동,중개거래,2.58,2.226,-13.7
화곡동,중개거래,1.29,1.537,19.2
화곡동,중개거래,1.36,1.828,34.4
화곡동,중개거래,1.36,1.022,-24.9
화곡동,중개거래,1.8,2.114,17.5
화곡동,중개거래,2.25,2.314,2.8
화곡동,직거래,3.88,3.146,-18.9
화곡동,중개거래,2.65,2.177,-17.9
화곡동,중개거래,3.4,2.674,-21.4
화곡동,직거래,3.09,2.464,-20.3
화곡동,중개거래,3.5,3.32,-5.1
화곡동,중개거래,1.8,1.785,-0.8
화곡동,중개거래,3.2,2.817,-12.0
화곡동,중개거래,1.585,1.613,1.8
화곡동,중개거래,2.88,2.587,-10.2
화곡동,중개거래,2.8,2.608,-6.9
화곡동,중개거래,2.0,1.757,-12.2
화곡동,직거래,1.85,1.864,0.8
화곡동,중개거래,3.2,3.058,-4.4
화곡동,중개거래,2.25,2.326,3.4
화곡동,중개거래,1.83,1.688,-7.8
화곡동,중개거래,4.5,3.759,-16.5
화곡동,중개거래,3.0,2.821,-6.0
화곡동,중개거래,3.0,2.755,-8.2
화곡동,중개거래,1.98,2.295,15.9
화곡동,중개거래,2.49,2.975,19.5
화곡동,중개거래,2.48,2.728,10.0
화곡동,중개거래,1.0,1.469,46.9
화곡동,중개거래,1.95,2.349,20.5
화곡동,중개거래,2.1,2.209,5.2
화곡동,중개거래,2.53,2.435,-3.8
화곡동,중개거래,1.5,1.703,13.5
화곡동,직거래,2.0,2.35,17.5
화곡동,중개거래,2.9,2.536,-12.5
화곡동,중개거래,2.4,2.7,12.5
화곡동,중개거래,1.8,1.959,8.8
화곡동,중개거래,3.0,2.837,-5.4
화곡동,직거래,1.53,1.66,8.5
화곡동,중개거래,2.99,2.87,-4.0
화곡동,중개거래,2.97,2.441,-17.8
화곡동,중개거래,2.97,2.441,-17.8
화곡동,중개거래,1.65,1.587,-3.8
화곡동,중개거래,2.7,2.248,-16.8
화곡동,직거래,2.1,3.181,51.5
화곡동,중개거래,3.85,4.135,7.4
화곡동,중개거래,3.15,3.026,-4.0
화곡동,중개거래,2.58,2.326,-9.8
화곡동,중개거래,2.6,2.983,14.7
화곡동,중개거래,2.32,1.877,-19.1
화곡동,중개거래,1.9,1.77,-6.8
화곡동,중개거래,2.1,2.24,6.7
화곡동,중개거래,2.03,2.105,3.7
화곡동,중개거래,2.68,2.095,-21.8
화곡동,중개거래,2.0,1.864,-6.8
화곡동,직거래,0.652,1.134,73.9
화곡동,중개거래,1.9,2.216,16.6
화곡동,중개거래,1.85,1.531,-17.3
화곡동,중개거래,1.95,1.694,-13.1
화곡동,중개거래,2.0,2.177,8.9
화곡동,중개거래,1.6,1.704,6.5
화곡동,중개거래,2.56,2.444,-4.5
화곡동,중개거래,1.29,1.573,21.9
화곡동,중개거래,1.05,1.175,11.9
화곡동,중개거래,4.55,3.418,-24.9
화곡동,중개거래,3.7,2.784,-24.8
화곡동,중개거래,0.71,0.784,10.4
화곡동,중개거래,2.45,2.334,-4.8
화곡동,중개거래,4.6,3.332,-27.6
화곡동,중개거래,2.2,1.934,-12.1
화곡동,중개거래,2.35,2.377,1.2
화곡동,중개거래,2.55,2.318,-9.1
화곡동,중개거래,3.0,2.979,-0.7
화곡동,중개거래,1.35,1.495,10.7
화곡동,중개거래,2.45,2.136,-12.8
화곡동,중개거래,2.25,2.704,20.2
화곡동,중개거래,3.3,3.198,-3.1
화곡동,중개거래,2.09,1.788,-14.4
화곡동,중개거래,1.1,1.632,48.4
화곡동,중개거래,2.0,1.975,-1.2
화곡동,중개거래,2.49,2.836,13.9
화곡동,중개거래,3.15,3.291,4.5
화곡동,중개거래,1.95,2.168,11.2
화곡동,중개거래,2.65,2.965,11.9
화곡동,중개거래,1.19,1.049,-11.9
화곡동,중개거래,2.9,2.57,-11.4
화곡동,직거래,3.3,3.477,5.4
화곡동,직거래,1.909,2.339,22.5
화곡동,중개거래,3.2,2.497,-22.0
화곡동,중개거래,2.45,2.392,-2.4
화곡동,직거래,1.0,1.155,15.5
화곡동,중개거래,2.28,2.416,6.0
화곡동,중개거래,3.3,3.477,5.4
화곡동,중개거래,3.1,2.583,-16.7
화곡동,중개거래,2.1,2.484,18.3
화곡동,중개거래,1.45,1.485,2.4
화곡동,중개거래,1.46,1.944,33.2
화곡동,중개거래,1.17,1.18,0.9
화곡동,중개거래,2.3,2.875,25.0
화곡동,중개거래,2.2,2.062,-6.3
화곡동,직거래,2.7,2.219,-17.8
화곡동,중개거래,1.95,2.347,20.3
화곡동,중개거래,3.48,2.284,-34.4
화곡동,중개거래,2.63,2.334,-11.3
화곡동,중개거래,1.38,1.72,24.7
화곡동,중개거래,2.33,2.482,6.5
화곡동,중개거래,1.8,1.874,4.1
화곡동,중개거래,2.42,2.43,0.4
화곡동,중개거래,2.45,2.451,0.0
화곡동,중개거래,1.26,1.425,13.1
화곡동,중개거래,2.36,1.815,-23.1
화곡동,중개거래,2.1,2.231,6.2
화곡동,중개거래,2.1,1.779,-15.3
화곡동,중개거래,2.25,2.694,19.7
화곡동,직거래,1.3,1.581,21.6
화곡동,직거래,2.68,2.203,-17.8
화곡동,직거래,1.16,1.276,10.0
화곡동,직거래,3.5,3.338,-4.6
화곡동,중개거래,3.05,3.075,0.8
화곡동,중개거래,2.99,2.603,-13.0
화곡동,중개거래,1.7,1.704,0.2
화곡동,중개거래,3.3,2.732,-17.2
화곡동,직거래,0.91,1.284,41.1
화곡동,중개거래,1.85,1.832,-1.0
화곡동,직거래,1.984,2.736,37.9
화곡동,중개거래,1.88,1.619,-13.9
화곡동,중개거래,1.41,2.456,74.2
화곡동,중개거래,1.4,1.739,24.2
화곡동,중개거래,2.63,2.301,-12.5
화곡동,중개거래,2.1,2.203,4.9
화곡동,중개거래,1.4,1.329,-5.1
화곡동,중개거래,1.4,1.688,20.6
화곡동,중개거래,2.5,1.96,-21.6
화곡동,중개거래,2.4,1.951,-18.7
화곡동,중개거래,1.68,1.546,-8.0
화곡동,중개거래,3.45,3.444,-0.2
화곡동,중개거래,3.05,3.094,1.4
화곡동,직거래,2.6,2.779,6.9
화곡동,중개거래,2.75,2.837,3.2
화곡동,중개거래,1.55,1.888,21.8
화곡동,중개거래,2.925,1.969,-32.7
화곡동,중개거래,3.68,3.781,2.7
화곡동,중개거래,3.3,3.09,-6.4
화곡동,중개거래,1.55,1.729,11.5
화곡동,직거래,2.32,2.979,28.4
화곡동,중개거래,1.7,3.126,83.9
화곡동,중개거래,2.36,1.989,-15.7
화곡동,중개거래,1.85,1.976,6.8
관악구,중개거래,6.5,5.248,-19.3
관악구,중개거래,4.4,4.286,-2.6
관악구,중개거래,1.95,2.109,8.1
관악구,중개거래,2.3,2.29,-0.4
관악구,중개거래,4.4,4.867,10.6
관악구,중개거래,5.9,8.017,35.9
관악구,중개거래,4.1,3.883,-5.3
관악구,중개거래,2.975,2.676,-10.1
관악구,중개거래,2.7,2.623,-2.8
관악구,중개거래,3.7,4.233,14.4
관악구,중개거래,7.0,7.99,14.1
관악구,중개거래,1.26,1.429,13.4
관악구,중개거래,3.6,3.788,5.2
관악구,직거래,3.55,5.428,52.9
관악구,중개거래,2.1,2.472,17.7
관악구,직거래,1.22,2.451,100.9
관악구,중개거래,2.0,3.516,75.8
관악구,중개거래,2.9,3.214,10.8
관악구,중개거래,3.3,3.635,10.1
관악구,중개거래,2.6,3.277,26.1
관악구,중개거래,3.5,3.131,-10.5
관악구,중개거래,6.2,5.003,-19.3
관악구,중개거래,3.15,3.331,5.8
관악구,중개거래,4.38,4.703,7.4
관악구,중개거래,2.0,2.485,24.3
관악구,중개거래,2.53,3.1,22.5
관악구,중개거래,1.0,1.9,90.0
관악구,중개거래,3.9,3.726,-4.5
관악구,중개거래,6.7,7.352,9.7
관악구,중개거래,2.94,3.303,12.4
관악구,중개거래,9.5,11.024,16.0
관악구,중개거래,2.25,2.536,12.7
관악구,중개거래,2.675,3.294,23.2
관악구,중개거래,4.15,4.283,3.2
관악구,중개거래,9.0,11.329,25.9
관악구,중개거래,3.0,3.175,5.8
관악구,중개거래,2.8,3.308,18.2
관악구,중개거래,3.85,4.233,10.0
관악구,직거래,2.8,1.696,-39.4
관악구,중개거래,2.98,2.689,-9.8
관악구,중개거래,3.2,4.1,28.1
관악구,중개거래,2.65,3.251,22.7
관악구,중개거래,5.6,5.65,0.9
관악구,직거래,2.0,1.592,-20.4
관악구,직거래,4.3,4.571,6.3
관악구,중개거래,2.78,3.245,16.7
관악구,중개거래,3.25,3.153,-3.0
관악구,중개거래,1.72,1.793,4.2
관악구,중개거래,3.6,3.294,-8.5
관악구,중개거래,3.53,2.926,-17.1
관악구,중개거래,2.3,2.596,12.9
관악구,중개거래,6.175,5.607,-9.2
관악구,중개거래,4.2,4.541,8.1
관악구,중개거래,8.15,9.623,18.1
관악구,중개거래,2.49,2.259,-9.3
관악구,중개거래,1.0,1.199,19.9
관악구,중개거래,3.45,3.562,3.3
관악구,중개거래,3.25,3.405,4.8
관악구,중개거래,2.6,3.021,16.2
관악구,직거래,1.7,2.4,41.2
관악구,중개거래,4.875,4.999,2.6
관악구,중개거래,4.5,4.409,-2.0
관악구,중개거래,5.45,5.477,0.5
관악구,중개거래,2.75,3.036,10.4
관악구,중개거래,2.78,2.94,5.8
관악구,중개거래,3.5,3.795,8.4
관악구,중개거래,1.4,2.044,46.0
관악구,중개거래,3.58,2.985,-16.6
관악구,중개거래,3.09,3.143,1.7
관악구,중개거래,4.4,3.679,-16.4
관악구,중개거래,5.6,5.811,3.8
관악구,중개거래,3.11,3.268,5.1
관악구,중개거래,2.9,3.464,19.5
관악구,중개거래,1.0,1.684,68.4
관악구,중개거래,3.6,2.941,-18.3
관악구,중개거래,3.4,3.249,-4.4
관악구,중개거래,7.83,6.612,-15.6
관악구,중개거래,4.15,4.573,10.2
관악구,중개거래,3.05,3.321,8.9
관악구,중개거래,4.45,4.422,-0.6
관악구,중개거래,1.05,1.2,14.3
관악구,중개거래,8.3,10.179,22.6
관악구,중개거래,3.0,2.806,-6.5
관악구,중개거래,0.7,0.83,18.6
관악구,중개거래,4.29,3.99,-7.0
관악구,중개거래,2.2,3.105,41.2
관악구,중개거래,0.97,1.327,36.8
관악구,중개거래,1.95,2.2,12.8
관악구,중개거래,2.92,3.115,6.7
관악구,중개거래,3.5,3.654,4.4
관악구,직거래,2.7,3.495,29.5
관악구,중개거래,7.6,10.177,33.9
관악구,중개거래,5.6,5.629,0.5
관악구,중개거래,2.375,2.766,16.5
관악구,중개거래,1.6,2.276,42.2
관악구,중개거래,3.05,3.132,2.7
관악구,중개거래,4.3,4.41,2.6
관악구,중개거래,3.65,3.78,3.6
관악구,중개거래,3.09,3.2,3.6
관악구,중개거래,4.45,4.855,9.1
관악구,중개거래,3.8,3.85,1.3
관악구,중개거래,2.55,2.515,-1.4
관악구,직거래,1.45,2.712,87.0
관악구,중개거래,1.7,2.321,36.5
관악구,중개거래,1.9,2.152,13.3
관악구,중개거래,2.57,2.845,10.7
관악구,중개거래,2.9,3.856,33.0
관악구,중개거래,1.5,1.328,-11.5
관악구,중개거래,2.7,2.386,-11.6
관악구,중개거래,3.4,3.284,-3.4
관악구,중개거래,1.85,2.116,14.4
관악구,직거래,2.5,2.769,10.8
관악구,중개거래,6.45,11.426,77.2
관악구,중개거래,3.68,4.531,23.1
관악구,직거래,1.0,2.548,154.8
관악구,직거래,1.6,2.552,59.5
관악구,직거래,1.99,3.13,57.3
관악구,중개거래,3.0,3.591,19.7
관악구,직거래,1.35,1.952,44.6
관악구,중개거래,7.5,10.188,35.8
관악구,중개거래,2.43,3.298,35.7
관악구,중개거래,3.8,3.881,2.1
관악구,중개거래,8.7,9.807,12.7
관악구,중개거래,2.88,3.044,5.7
관악구,중개거래,4.1,3.493,-14.8
관악구,중개거래,2.3,2.329,1.3
관악구,직거래,1.05,2.301,119.2
관악구,중개거래,1.67,1.947,16.6
관악구,중개거래,2.84,3.284,15.6
관악구,중개거래,1.7,2.18,28.3
관악구,중개거래,1.6,1.514,-5.4
관악구,중개거래,3.0,3.417,13.9
관악구,중개거래,3.47,3.243,-6.5
관악구,중개거래,1.8,1.721,-4.4
관악구,중개거래,4.0,4.07,1.7
관악구,중개거래,6.4,5.742,-10.3
관악구,직거래,1.46,2.086,42.9
관악구,중개거래,4.4,4.376,-0.6
관악구,중개거래,3.3,3.735,13.2
관악구,중개거래,2.95,3.347,13.5
관악구,중개거래,3.4,3.513,3.3
관악구,중개거래,1.75,2.144,22.5
관악구,중개거래,3.42,2.387,-30.2
관악구,중개거래,1.62,2.431,50.0
관악구,중개거래,1.8,2.345,30.3
관악구,중개거래,3.6,3.109,-13.6
관악구,중개거래,3.4,3.121,-8.2
관악구,중개거래,3.2,4.11,28.4
관악구,중개거래,1.6,2.21,38.1
관악구,중개거래,2.5,2.025,-19.0
관악구,중개거래,2.3,2.27,-1.3
관악구,중개거래,2.2,2.579,17.2
관악구,중개거래,3.8,3.842,1.1
관악구,중개거래,2.8,2.653,-5.2
관악구,중개거래,3.0,3.235,7.8
관악구,중개거래,4.25,4.234,-0.4
관악구,중개거래,4.5,4.083,-9.3
관악구,직거래,2.28,2.975,30.5
관악구,중개거래,4.0,3.471,-13.2
관악구,중개거래,5.784,6.185,6.9
관악구,중개거래,5.737,6.007,4.7
관악구,중개거래,5.872,6.137,4.5
관악구,중개거래,5.802,6.186,6.6
관악구,중개거래,5.837,6.186,6.0
관악구,중개거래,5.752,6.006,4.4
관악구,중개거래,5.887,6.136,4.2
관악구,중개거래,5.817,6.184,6.3
관악구,중개거래,5.852,6.184,5.7
관악구,중개거래,5.77,6.005,4.1
관악구,중개거래,5.907,6.134,3.9
관악구,중개거래,5.834,6.182,6.0
관악구,중개거래,5.869,6.182,5.3
관악구,중개거래,5.77,6.005,4.1
관악구,중개거래,5.907,6.155,4.2
관악구,중개거래,5.561,6.184,11.2
관악구,중개거래,5.834,6.203,6.3
관악구,중개거래,5.03,5.905,17.4
관악구,중개거래,4.5,5.073,12.7
관악구,직거래,3.0,4.166,38.9
관악구,중개거래,2.6,2.583,-0.7
관악구,중개거래,1.9,2.469,30.0
관악구,중개거래,1.98,1.941,-2.0
관악구,중개거래,2.5,3.38,35.2
관악구,중개거래,6.6,5.802,-12.1
관악구,중개거래,2.47,2.368,-4.1
관악구,중개거래,3.5,3.945,12.7
관악구,중개거래,2.25,2.99,32.9
관악구,중개거래,2.85,3.331,16.9
관악구,중개거래,3.7,4.11,11.1
관악구,중개거래,1.3,1.488,14.5
관악구,중개거래,3.8,3.77,-0.8
관악구,중개거래,2.6,2.77,6.5
관악구,중개거래,3.5,3.997,14.2
관악구,중개거래,3.4,3.115,-8.4
관악구,중개거래,1.8,2.084,15.8
관악구,중개거래,6.235,3.222,-48.3
관악구,중개거래,3.7,4.083,10.4
관악구,중개거래,2.3,2.77,20.4
관악구,직거래,5.9,6.392,8.3
관악구,중개거래,7.0,4.671,-33.3
관악구,중개거래,4.4,4.08,-7.3
관악구,중개거래,2.2,2.654,20.6
관악구,중개거래,2.6,2.831,8.9
관악구,중개거래,2.0,1.733,-13.4
관악구,중개거래,2.0,1.733,-13.4
관악구,중개거래,2.9,2.543,-12.3
관악구,중개거래,2.9,2.37,-18.3
관악구,중개거래,3.1,3.104,0.1
관악구,중개거래,3.48,3.62,4.0
관악구,중개거래,3.8,4.068,7.0
관악구,중개거래,8.2,8.148,-0.6
관악구,중개거래,4.6,4.006,-12.9
관악구,중개거래,4.38,4.112,-6.1
관악구,중개거래,3.0,3.175,5.8
관악구,중개거래,2.4,2.459,2.4
관악구,중개거래,4.2,3.929,-6.5
관악구,중개거래,4.5,5.114,13.6
관악구,중개거래,6.7,5.342,-20.3
관악구,직거래,5.65,5.914,4.7
관악구,중개거래,5.08,5.09,0.2
관악구,중개거래,2.99,2.902,-2.9
관악구,중개거래,9.0,9.866,9.6
관악구,직거래,3.8,3.61,-5.0
관악구,중개거래,3.0,4.489,49.6
관악구,중개거래,6.9,7.309,5.9
관악구,중개거래,4.39,3.396,-22.6
관악구,중개거래,3.85,3.584,-6.9
관악구,중개거래,1.3,2.044,57.2
관악구,중개거래,1.5,1.793,19.6
관악구,중개거래,1.93,2.976,54.2
관악구,중개거래,8.2,8.439,2.9
관악구,중개거래,9.2,9.632,4.7
관악구,중개거래,2.4,2.579,7.5
관악구,중개거래,3.4,3.068,-9.8
관악구,중개거래,1.5,1.328,-11.5
관악구,중개거래,2.3,2.25,-2.2
관악구,중개거래,3.95,4.198,6.3
관악구,중개거래,3.35,3.558,6.2
관악구,중개거래,2.05,1.972,-3.8
관악구,중개거래,3.98,4.571,14.8
관악구,중개거래,1.95,1.997,2.4
관악구,중개거래,2.2,2.079,-5.5
관악구,중개거래,3.75,3.942,5.1
관악구,중개거래,2.37,2.519,6.3
관악구,중개거래,2.0,2.226,11.3
관악구,직거래,2.2,2.621,19.1
관악구,직거래,1.8,3.026,68.1
관악구,중개거래,3.2,2.969,-7.2
관악구,중개거래,7.5,7.872,5.0
관악구,중개거래,1.55,1.862,20.1
관악구,중개거래,2.8,3.382,20.8
관악구,중개거래,4.25,3.886,-8.6
관악구,중개거래,3.75,3.833,2.2
관악구,중개거래,3.4,3.404,0.1
관악구,직거래,2.9,2.855,-1.6
관악구,중개거래,2.485,2.966,19.3
관악구,중개거래,2.7,2.737,1.4
관악구,중개거래,3.05,3.516,15.3
관악구,중개거래,2.7,3.637,34.7
관악구,중개거래,3.39,3.513,3.6
관악구,중개거래,3.45,3.479,0.8
관악구,중개거래,4.1,4.536,10.6
관악구,중개거래,3.82,3.837,0.5
관악구,중개거래,1.95,2.265,16.2
관악구,중개거래,3.9,3.686,-5.5
관악구,중개거래,2.95,2.794,-5.3
관악구,중개거래,3.55,3.684,3.8
관악구,중개거래,2.5,2.272,-9.1
관악구,중개거래,3.1,3.058,-1.4
관악구,직거래,1.85,2.0,8.1
관악구,중개거래,3.28,3.403,3.8
관악구,중개거래,3.4,3.674,8.1
관악구,중개거래,3.8,3.17,-16.6
관악구,중개거래,4.25,5.03,18.3
관악구,중개거래,2.0,2.165,8.2
관악구,중개거래,3.95,3.44,-12.9
관악구,중개거래,1.6,1.993,24.6
관악구,중개거래,2.95,3.196,8.3
관악구,중개거래,4.5,5.057,12.4
관악구,중개거래,2.5,2.254,-9.9
관악구,중개거래,6.35,5.778,-9.0
관악구,직거래,0.8,2.099,162.4
관악구,중개거래,3.08,2.762,-10.3
관악구,중개거래,4.1,3.609,-12.0
관악구,중개거래,2.4,2.767,15.3
관악구,중개거래,3.0,2.363,-21.2
관악구,중개거래,1.6,2.49,55.6
관악구,중개거래,2.2,2.353,6.9
관악구,중개거래,2.34,2.419,3.4
관악구,중개거래,2.34,2.419,3.4
관악구,중개거래,4.0,3.469,-13.3
관악구,중개거래,3.15,3.195,1.4
관악구,중개거래,3.15,3.195,1.4
관악구,직거래,1.37,3.503,155.7
관악구,직거래,3.35,3.16,-5.7
관악구,중개거래,1.2,1.864,55.4
관악구,중개거래,1.75,1.932,10.4
관악구,중개거래,2.13,2.713,27.4
관악구,중개거래,2.635,2.454,-6.9
관악구,중개거래,2.32,2.797,20.6
관악구,중개거래,4.7,5.279,12.3
관악구,중개거래,4.55,4.451,-2.2
관악구,중개거래,2.737,3.677,34.4
관악구,중개거래,6.3,4.402,-30.1
관악구,중개거래,2.48,2.579,4.0
관악구,중개거래,3.13,3.247,3.7
관악구,중개거래,1.98,1.87,-5.5
관악구,중개거래,2.5,3.201,28.1
관악구,중개거래,3.95,4.033,2.1
관악구,중개거래,3.5,3.32,-5.1
관악구,중개거래,4.35,4.031,-7.3
관악구,중개거래,7.6,6.748,-11.2
관악구,중개거래,9.85,9.914,0.6
관악구,중개거래,3.0,3.143,4.8
관악구,중개거래,3.65,3.405,-6.7
관악구,중개거래,2.69,2.705,0.5
관악구,중개거래,1.7,2.49,46.5
관악구,중개거래,2.85,2.746,-3.7
관악구,중개거래,3.07,3.096,0.8
관악구,중개거래,1.85,1.858,0.4
관악구,중개거래,3.2,3.206,0.2
관악구,중개거래,2.5,2.675,7.0
관악구,중개거래,2.5,2.943,17.7
관악구,중개거래,4.7,4.859,3.4
관악구,중개거래,5.26,9.07,72.4
관악구,중개거래,8.6,8.54,-0.7
관악구,중개거래,2.6,2.317,-10.9
관악구,중개거래,4.0,4.346,8.6
관악구,중개거래,2.1,2.355,12.2
관악구,중개거래,2.9,2.931,1.1
관악구,중개거래,1.1,1.387,26.0
관악구,중개거래,5.15,3.967,-23.0
관악구,중개거래,3.05,2.686,-11.9
관악구,중개거래,3.05,2.686,-11.9
관악구,중개거래,7.0,7.145,2.1
관악구,직거래,1.12,3.13,179.5
관악구,중개거래,1.6,1.518,-5.1
관악구,중개거래,3.2,2.926,-8.6
관악구,중개거래,3.65,3.8,4.1
관악구,중개거래,4.55,4.733,4.0
관악구,중개거래,2.5,3.419,36.7
관악구,중개거래,4.0,3.57,-10.8
관악구,중개거래,4.4,4.137,-6.0
관악구,중개거래,4.0,3.863,-3.4
관악구,중개거래,4.27,5.031,17.8
관악구,중개거래,3.4,3.739,10.0
관악구,중개거래,3.2,3.668,14.6
관악구,중개거래,1.9,2.225,17.1
관악구,중개거래,4.75,4.107,-13.5
관악구,중개거래,1.48,2.759,86.4
관악구,중개거래,2.8,2.762,-1.4
관악구,중개거래,3.55,3.296,-7.2
관악구,중개거래,1.8,2.87,59.4
관악구,중개거래,3.5,4.215,20.4
관악구,중개거래,1.75,1.802,3.0
관악구,중개거래,3.4,2.941,-13.5
관악구,중개거래,2.47,3.276,32.6
관악구,직거래,3.5,3.788,8.2
관악구,중개거래,3.3,4.377,32.6
관악구,중개거래,2.27,2.296,1.1
관악구,중개거래,3.4,3.423,0.7
관악구,중개거래,3.45,3.093,-10.3
관악구,중개거래,4.4,3.431,-22.0
관악구,중개거래,2.82,3.324,17.9
관악구,중개거래,3.83,4.204,9.8
관악구,중개거래,4.6,4.624,0.5
관악구,중개거래,1.55,2.155,39.0
관악구,중개거래,1.87,1.995,6.7
관악구,중개거래,4.0,4.594,14.9
관악구,중개거래,2.7,3.112,15.3
관악구,중개거래,2.85,3.077,8.0
관악구,중개거래,5.98,6.136,2.6
관악구,중개거래,2.15,2.844,32.3
관악구,중개거래,1.9,3.391,78.5
관악구,중개거래,4.1,4.27,4.2
관악구,중개거래,1.4,1.644,17.4
관악구,중개거래,2.15,2.574,19.7
관악구,중개거래,2.75,3.002,9.2
관악구,중개거래,1.3,1.378,6.0
관악구,직거래,3.68,4.326,17.6
관악구,중개거래,2.25,2.529,12.4
관악구,중개거래,3.23,3.15,-2.5
관악구,중개거래,3.7,3.695,-0.1
관악구,중개거래,4.2,4.075,-3.0
관악구,중개거래,2.4,2.451,2.1
관악구,중개거래,2.9,3.524,21.5
관악구,중개거래,2.49,3.059,22.9
관악구,중개거래,4.55,5.766,26.7
관악구,중개거래,2.8,2.888,3.1
관악구,중개거래,2.3,2.31,0.4
관악구,중개거래,2.15,2.429,13.0
관악구,중개거래,2.37,2.751,16.1
관악구,중개거래,1.88,1.653,-12.1
관악구,중개거래,5.3,5.112,-3.5
관악구,중개거래,2.03,2.299,13.3
관악구,중개거래,2.53,2.411,-4.7
관악구,중개거래,3.0,3.229,7.6
관악구,중개거래,2.0,2.715,35.8
관악구,중개거래,2.62,3.04,16.0
관악구,중개거래,1.55,2.102,35.6
관악구,중개거래,3.0,3.169,5.6
관악구,중개거래,2.43,2.524,3.9
관악구,중개거래,7.15,5.135,-28.2
관악구,직거래,2.47,2.815,14.0
관악구,중개거래,2.03,2.539,25.1
관악구,중개거래,5.0,4.944,-1.1
관악구,중개거래,2.0,2.072,3.6
관악구,중개거래,3.45,4.294,24.5
관악구,직거래,2.08,2.458,18.2
관악구,중개거래,3.78,3.414,-9.7
관악구,중개거래,3.3,2.886,-12.5
관악구,중개거래,3.1,3.157,1.8
관악구,직거래,3.8,3.707,-2.4
관악구,중개거래,7.4,7.197,-2.7
관악구,중개거래,2.59,2.537,-2.0
관악구,중개거래,1.4,1.592,13.7
관악구,중개거래,5.4,5.054,-6.4
관악구,중개거래,3.6,3.233,-10.2
관악구,중개거래,3.8,4.094,7.7
관악구,중개거래,4.2,3.503,-16.6
관악구,중개거래,3.5,2.471,-29.4
관악구,중개거래,7.1,6.974,-1.8
관악구,중개거래,3.35,3.574,6.7
관악구,중개거래,2.92,2.551,-12.6
관악구,중개거래,1.9,2.356,24.0
관악구,중개거래,2.0,2.098,4.9
관악구,중개거래,4.75,3.788,-20.2
관악구,중개거래,3.5,3.472,-0.8
관악구,중개거래,2.02,1.88,-6.9
관악구,중개거래,6.28,4.212,-32.9
관악구,중개거래,3.95,3.909,-1.0
관악구,중개거래,2.85,2.943,3.3
관악구,중개거래,2.25,2.474,9.9
관악구,중개거래,1.83,2.572,40.6
관악구,중개거래,3.05,3.19,4.6
관악구,중개거래,2.26,2.49,10.2
관악구,중개거래,3.49,3.774,8.1
관악구,중개거래,3.45,3.188,-7.6
관악구,중개거래,4.63,4.152,-10.3
관악구,중개거래,4.45,4.408,-0.9
관악구,중개거래,2.97,3.342,12.5
관악구,중개거래,3.72,3.981,7.0
관악구,중개거래,3.38,3.763,11.3
관악구,중개거래,3.9,3.824,-2.0
관악구,중개거래,2.47,2.597,5.2
관악구,중개거래,4.7,4.927,4.8
관악구,중개거래,4.0,4.094,2.4
관악구,중개거래,3.1,3.299,6.4
관악구,중개거래,2.4,2.928,22.0
관악구,중개거래,2.98,2.386,-19.9
관악구,중개거래,3.3,3.384,2.5
관악구,중개거래,3.15,3.197,1.5
관악구,중개거래,6.0,6.384,6.4
관악구,중개거래,2.9,3.504,20.8
관악구,중개거래,3.75,3.454,-7.9
관악구,중개거래,3.77,3.398,-9.9
관악구,중개거래,3.7,3.717,0.4
관악구,중개거래,1.4,1.616,15.4
관악구,중개거래,4.0,2.908,-27.3
관악구,중개거래,7.7,6.607,-14.2
관악구,중개거래,7.85,7.648,-2.6
관악구,중개거래,3.05,3.351,9.9
관악구,직거래,4.39,3.011,-31.4
관악구,중개거래,2.5,2.831,13.3
관악구,중개거래,2.055,2.203,7.2
관악구,중개거래,2.5,2.574,3.0
관악구,중개거래,3.76,5.03,33.8
관악구,중개거래,4.1,4.52,10.3
관악구,직거래,3.15,3.082,-2.2
관악구,직거래,2.6,5.036,93.7
관악구,중개거래,3.35,3.129,-6.6
관악구,직거래,2.4,2.848,18.7
관악구,중개거래,2.78,2.812,1.1
관악구,중개거래,2.99,3.64,21.7
관악구,중개거래,3.4,3.735,9.8
관악구,중개거래,2.045,2.581,26.2
관악구,중개거래,4.65,4.818,3.6
관악구,중개거래,1.9,1.545,-18.7
관악구,직거래,2.0,3.39,69.5
관악구,중개거래,1.62,1.603,-1.0
관악구,중개거래,3.0,3.493,16.4
관악구,중개거래,3.78,3.796,0.4
관악구,중개거래,2.2,3.587,63.1
관악구,중개거래,1.825,1.98,8.5
관악구,직거래,2.32,3.0,29.3
관악구,중개거래,3.75,4.246,13.2
관악구,중개거래,6.7,5.841,-12.8
관악구,중개거래,4.1,4.239,3.4
관악구,중개거래,2.0,3.257,62.8
관악구,중개거래,5.5,7.061,28.4
관악구,중개거래,5.3,7.681,44.9
관악구,중개거래,2.9,3.425,18.1
관악구,중개거래,3.6,3.738,3.8
관악구,중개거래,4.65,4.163,-10.5
관악구,중개거래,9.05,9.541,5.4
관악구,중개거래,1.8,2.638,46.5
관악구,중개거래,2.75,3.695,34.4
관악구,중개거래,3.4,3.64,7.1
관악구,중개거래,4.8,5.124,6.8
관악구,중개거래,1.8,2.116,17.6
관악구,직거래,1.5,1.961,30.7
관악구,중개거래,2.8,2.482,-11.4
관악구,직거래,3.0,4.034,34.5
관악구,중개거래,2.15,2.474,15.1
관악구,중개거래,2.9,2.848,-1.8
관악구,중개거래,3.8,3.738,-1.6
관악구,직거래,3.45,3.397,-1.5
관악구,중개거래,3.7,3.422,-7.5
관악구,중개거래,2.85,3.154,10.7
관악구,중개거래,1.6,2.212,38.3
관악구,중개거래,3.65,3.949,8.2
관악구,중개거래,5.0,3.992,-20.2
관악구,직거래,2.9,3.236,11.6
관악구,직거래,3.0,3.696,23.2
관악구,중개거래,4.35,4.633,6.5
관악구,직거래,2.19,2.91,32.9
관악구,중개거래,3.2,3.015,-5.8
관악구,중개거래,3.5,4.34,24.0
관악구,중개거래,1.9,2.438,28.3
관악구,중개거래,3.8,3.771,-0.8
관악구,중개거래,4.5,3.752,-16.6
관악구,중개거래,4.55,4.538,-0.3
관악구,중개거래,2.8,2.746,-1.9
관악구,중개거래,3.0,3.142,4.7
관악구,중개거래,2.8,2.823,0.8
관악구,직거래,2.5,2.641,5.6
관악구,중개거래,3.7,3.487,-5.8
관악구,중개거래,1.8,2.407,33.7
관악구,중개거래,4.6,4.593,-0.2
관악구,중개거래,3.9,4.409,13.1
관악구,중개거래,4.62,3.858,-16.5
관악구,직거래,1.62,3.125,92.9
관악구,중개거래,3.25,2.894,-11.0
관악구,중개거래,3.3,3.141,-4.8
관악구,중개거래,4.35,4.18,-3.9
관악구,중개거래,3.432,4.095,19.3
관악구,중개거래,2.97,2.069,-30.3
관악구,중개거래,2.9,3.34,15.2
관악구,중개거래,2.85,2.874,0.9
관악구,중개거래,4.25,4.22,-0.7
관악구,중개거래,2.1,2.863,36.3
관악구,중개거래,3.5,3.471,-0.8
관악구,중개거래,3.79,4.167,10.0
관악구,중개거래,8.1,8.494,4.9
관악구,중개거래,1.98,2.201,11.2
관악구,중개거래,3.0,3.17,5.7
관악구,중개거래,1.27,1.435,13.0
관악구,중개거래,3.52,3.272,-7.1
관악구,중개거래,2.58,3.168,22.8
관악구,중개거래,3.5,3.531,0.9
관악구,중개거래,4.29,3.44,-19.8
관악구,중개거래,3.38,3.363,-0.5
관악구,중개거래,7.3,6.272,-14.1
관악구,중개거래,3.5,3.488,-0.3
관악구,중개거래,3.1,3.287,6.0
관악구,중개거래,2.88,2.711,-5.9
관악구,중개거래,6.85,6.62,-3.4
관악구,중개거래,4.8,4.471,-6.8
관악구,중개거래,5.0,4.779,-4.4
관악구,중개거래,3.5,2.755,-21.3
관악구,중개거래,6.7,6.751,0.8
관악구,중개거래,3.89,3.379,-13.1
관악구,중개거래,3.88,3.817,-1.6
관악구,중개거래,3.07,3.061,-0.3
관악구,중개거래,3.48,2.728,-21.6
관악구,직거래,4.635,5.35,15.4
관악구,직거래,4.715,5.408,14.7
관악구,직거래,4.885,5.517,12.9
관악구,직거래,4.715,5.34,13.3
관악구,직거래,4.79,5.399,12.7
관악구,직거래,4.96,5.508,11.0
관악구,직거래,5.035,5.546,10.1
관악구,직거래,5.475,5.704,4.2
관악구,직거래,5.01,5.739,14.6
관악구,직거래,5.065,5.871,15.9
관악구,중개거래,4.19,4.413,5.3
관악구,중개거래,6.91,3.417,-50.6
관악구,중개거래,8.2,6.158,-24.9
관악구,중개거래,2.55,2.589,1.5
관악구,중개거래,2.3,2.917,26.8
관악구,직거래,1.15,2.988,159.8
관악구,중개거래,3.85,3.909,1.5
관악구,중개거래,1.67,1.693,1.4
관악구,중개거래,8.0,7.017,-12.3
관악구,중개거래,5.7,3.863,-32.2
관악구,중개거래,2.57,2.306,-10.3
관악구,중개거래,1.85,1.644,-11.1
관악구,중개거래,1.7,1.924,13.2
관악구,중개거래,2.1,1.905,-9.3
관악구,중개거래,3.95,3.711,-6.0
관악구,중개거래,3.2,3.337,4.3
관악구,중개거래,4.6,4.891,6.3
관악구,직거래,1.7,2.096,23.3
관악구,중개거래,1.2,1.592,32.7
관악구,중개거래,5.995,5.877,-2.0
관악구,중개거래,1.21,1.865,54.1
관악구,중개거래,2.6,2.968,14.1
관악구,직거래,5.8,6.343,9.4
관악구,중개거래,6.65,8.298,24.8
관악구,중개거래,2.8,2.596,-7.3
관악구,중개거래,3.645,3.595,-1.4
관악구,중개거래,2.35,2.158,-8.2
관악구,중개거래,5.35,4.114,-23.1
관악구,중개거래,4.3,5.03,17.0
관악구,중개거래,3.5,4.063,16.1
관악구,중개거래,2.43,2.481,2.1
관악구,중개거래,3.2,3.303,3.2
관악구,중개거래,3.7,3.787,2.4
관악구,중개거래,8.8,8.277,-5.9
관악구,중개거래,1.0,1.827,82.7
관악구,중개거래,3.9,4.297,10.2
관악구,중개거래,3.3,2.575,-22.0
관악구,중개거래,3.53,4.129,17.0
관악구,직거래,1.85,2.968,60.4
관악구,중개거래,3.25,3.101,-4.6
관악구,중개거래,2.95,2.708,-8.2
관악구,직거래,3.5,4.121,17.7
관악구,중개거래,3.9,3.423,-12.2
관악구,중개거래,1.85,2.12,14.6
관악구,중개거래,3.0,4.278,42.6
관악구,중개거래,8.5,7.813,-8.1
관악구,중개거래,1.8,2.299,27.7
관악구,중개거래,4.3,3.855,-10.4
관악구,중개거래,4.3,3.855,-10.4
관악구,중개거래,2.35,2.737,16.4
관악구,중개거래,2.3,2.387,3.8
관악구,중개거래,3.85,3.931,2.1
관악구,중개거래,3.0,2.759,-8.0
관악구,중개거래,3.8,2.766,-27.2
관악구,직거래,5.8,6.343,9.4
관악구,중개거래,2.5,2.928,17.1
관악구,중개거래,2.8,2.606,-6.9
관악구,중개거래,2.99,2.07,-30.8
관악구,중개거래,1.6,2.328,45.5
관악구,중개거래,8.05,8.439,4.8
관악구,직거래,4.8,5.416,12.8
관악구,중개거래,2.55,2.738,7.4
관악구,중개거래,1.85,2.027,9.6
관악구,중개거래,3.0,3.648,21.6
관악구,중개거래,3.4,3.399,-0.0
관악구,중개거래,2.15,3.177,47.8
관악구,중개거래,2.83,2.788,-1.5
관악구,중개거래,9.05,6.199,-31.5
관악구,중개거래,3.2,2.972,-7.1
관악구,중개거래,8.5,7.811,-8.1
관악구,중개거래,1.6,2.251,40.7
관악구,중개거래,2.45,2.366,-3.4
관악구,중개거래,2.5,2.664,6.6
관악구,중개거래,2.55,2.072,-18.8
관악구,중개거래,2.8,2.669,-4.7
관악구,중개거래,3.77,3.917,3.9
관악구,중개거래,3.8,4.481,17.9
관악구,중개거래,2.6,2.961,13.9
관악구,중개거래,3.0,3.702,23.4
관악구,중개거래,3.05,2.988,-2.0
관악구,중개거래,4.2,4.116,-2.0
관악구,중개거래,1.65,1.878,13.8
관악구,중개거래,2.67,3.152,18.0
관악구,직거래,3.5,3.414,-2.5
관악구,중개거래,2.55,2.435,-4.5
관악구,직거래,1.7,2.908,71.0
관악구,중개거래,3.0,3.582,19.4
관악구,중개거래,7.2,6.632,-7.9
관악구,중개거래,3.6,3.117,-13.4
관악구,중개거래,3.2,3.147,-1.7
관악구,직거래,3.68,4.305,17.0
관악구,중개거래,4.5,4.827,7.3
관악구,중개거래,3.15,3.361,6.7
관악구,중개거래,1.97,1.873,-4.9
관악구,중개거래,4.1,3.787,-7.6
관악구,직거래,2.3,3.295,43.3
관악구,직거래,2.5,3.471,38.8
관악구,중개거래,2.83,2.397,-15.3
관악구,중개거래,2.45,2.465,0.6
관악구,중개거래,2.65,2.575,-2.8
관악구,중개거래,1.9,1.958,3.0
관악구,중개거래,4.85,4.051,-16.5
관악구,중개거래,6.3,6.045,-4.0
관악구,중개거래,2.38,2.741,15.2
관악구,중개거래,4.7,4.217,-10.3
관악구,중개거래,2.3,2.364,2.8
관악구,중개거래,5.1,4.812,-5.7
관악구,중개거래,2.2,3.221,46.4
관악구,직거래,1.85,1.915,3.5
관악구,중개거래,2.3,1.608,-30.1
관악구,중개거래,5.3,3.951,-25.4
관악구,중개거래,2.75,2.481,-9.8
관악구,중개거래,3.2,2.38,-25.6
관악구,중개거래,2.98,4.001,34.3
관악구,직거래,2.6,3.893,49.7
관악구,중개거래,2.35,2.664,13.4
관악구,중개거래,3.25,3.219,-0.9
관악구,중개거래,3.75,3.439,-8.3
관악구,중개거래,4.45,3.918,-12.0
관악구,중개거래,2.6,2.823,8.6
관악구,중개거래,1.8,1.644,-8.7
관악구,중개거래,3.1,2.581,-16.7
관악구,중개거래,2.65,3.24,22.2
관악구,중개거래,1.93,2.313,19.8
관악구,중개거래,4.45,5.486,23.3
관악구,중개거래,2.4,2.338,-2.6
관악구,중개거래,2.4,2.146,-10.6
관악구,중개거래,7.6,7.926,4.3
관악구,중개거래,1.85,2.632,42.3
관악구,중개거래,2.95,4.016,36.1
관악구,중개거래,2.8,3.128,11.7
관악구,중개거래,3.0,2.59,-13.7
관악구,중개거래,4.5,4.082,-9.3
관악구,중개거래,1.45,2.183,50.6
관악구,중개거래,3.29,4.02,22.2
관악구,중개거래,2.4,2.836,18.2
관악구,중개거래,5.075,4.965,-2.2
관악구,중개거래,3.6,3.39,-5.8
관악구,직거래,3.53,3.72,5.4
관악구,중개거래,3.95,3.527,-10.7
관악구,중개거래,2.7,2.816,4.3
관악구,중개거래,5.09,4.945,-2.8
관악구,중개거래,1.73,2.821,63.1
관악구,중개거래,2.87,3.676,28.1
관악구,중개거래,3.28,2.833,-13.6
관악구,중개거래,1.0,1.913,91.3
관악구,중개거래,3.45,3.436,-0.4
관악구,중개거래,3.2,3.218,0.6
관악구,중개거래,1.95,1.723,-11.6
관악구,중개거래,3.0,2.954,-1.5
관악구,중개거래,2.645,2.708,2.4
관악구,중개거래,4.35,4.941,13.6
관악구,중개거래,2.26,2.474,9.5
관악구,중개거래,3.3,3.35,1.5
관악구,중개거래,2.37,2.18,-8.0
관악구,중개거래,8.2,6.91,-15.7
관악구,중개거래,2.94,2.641,-10.2
관악구,중개거래,1.92,2.068,7.7
관악구,중개거래,3.6,3.415,-5.2
관악구,중개거래,1.7,1.632,-4.0
관악구,중개거래,3.0,3.343,11.4
관악구,중개거래,1.25,1.798,43.8
관악구,중개거래,1.58,1.518,-3.9
관악구,중개거래,3.0,2.922,-2.6
관악구,중개거래,3.7,3.924,6.1
관악구,중개거래,2.5,2.605,4.2
관악구,중개거래,1.75,2.343,33.9
관악구,중개거래,1.95,2.234,14.6
관악구,중개거래,5.3,3.669,-30.8
관악구,중개거래,2.65,2.317,-12.6
관악구,중개거래,1.3,1.299,-0.1
관악구,중개거래,3.8,4.005,5.4
관악구,중개거래,4.1,3.844,-6.2
관악구,직거래,3.6,3.47,-3.6
관악구,중개거래,3.5,2.984,-14.7
관악구,중개거래,3.25,3.16,-2.8
관악구,중개거래,5.85,3.795,-35.1
관악구,중개거래,3.95,4.028,2.0
관악구,중개거래,2.75,2.79,1.5
관악구,중개거래,2.95,2.265,-23.2
관악구,중개거래,2.8,2.951,5.4
관악구,중개거래,7.5,7.707,2.8
관악구,중개거래,4.05,4.027,-0.6
관악구,직거래,3.43,3.596,4.8
관악구,직거래,3.24,4.522,39.6
관악구,중개거래,6.9,8.208,19.0
관악구,중개거래,2.9,3.025,4.3
관악구,중개거래,1.47,1.167,-20.6
관악구,중개거래,2.98,3.078,3.3
관악구,중개거래,6.35,5.47,-13.9
관악구,중개거래,3.985,4.487,12.6
관악구,중개거래,3.97,3.865,-2.7
관악구,중개거래,3.6,2.677,-25.6
관악구,중개거래,2.3,2.245,-2.4
관악구,중개거래,1.8,1.515,-15.9
관악구,중개거래,3.48,4.001,15.0
관악구,중개거래,2.32,2.563,10.5
관악구,중개거래,3.78,3.303,-12.6
관악구,중개거래,2.5,2.723,8.9
관악구,중개거래,4.0,4.196,4.9
관악구,중개거래,2.3,2.478,7.7
관악구,중개거래,2.28,2.309,1.3
관악구,중개거래,2.15,2.474,15.1
관악구,중개거래,4.7,3.755,-20.1
관악구,직거래,5.8,6.013,3.7
관악구,중개거래,3.0,3.212,7.1
관악구,중개거래,3.65,2.739,-25.0
관악구,중개거래,3.65,3.54,-3.0
관악구,중개거래,2.3,2.299,-0.0
관악구,중개거래,2.82,3.227,14.4
관악구,중개거래,4.28,3.982,-7.0
관악구,중개거래,7.2,5.783,-19.7
관악구,중개거래,5.98,6.392,6.9
관악구,중개거래,2.9,2.82,-2.7
관악구,중개거래,3.0,3.028,0.9
관악구,중개거래,6.35,5.47,-13.9
관악구,중개거래,2.79,2.799,0.3
관악구,중개거래,2.35,2.446,4.1
관악구,중개거래,7.1,8.391,18.2
관악구,중개거래,3.57,4.124,15.5
관악구,중개거래,1.8,2.497,38.7
관악구,중개거래,3.6,3.75,4.2
관악구,중개거래,4.45,3.274,-26.4
관악구,중개거래,1.82,2.138,17.5
관악구,중개거래,3.8,4.569,20.2
관악구,중개거래,7.0,7.553,7.9
관악구,중개거래,5.28,5.772,9.3
관악구,중개거래,2.6,2.954,13.6
관악구,중개거래,3.5,3.188,-8.9
관악구,중개거래,3.0,2.59,-13.7
관악구,중개거래,3.28,3.794,15.7
관악구,직거래,2.57,4.497,75.0
관악구,중개거래,1.9,2.018,6.2
관악구,중개거래,2.0,2.492,24.6
관악구,중개거래,2.65,2.916,10.1
관악구,중개거래,4.95,4.708,-4.9
관악구,직거래,2.95,3.52,19.3
관악구,중개거래,1.47,2.318,57.7
관악구,직거래,5.67,6.196,9.3
관악구,중개거래,1.85,2.449,32.4
관악구,중개거래,2.75,3.072,11.7
관악구,중개거래,5.55,4.705,-15.2
관악구,중개거래,1.98,2.055,3.8
관악구,중개거래,3.0,3.063,2.1
관악구,중개거래,8.1,4.827,-40.4
관악구,중개거래,4.75,4.705,-1.0
관악구,중개거래,3.35,3.473,3.7
관악구,중개거래,3.6,3.853,7.0
관악구,직거래,3.55,3.744,5.5
관악구,중개거래,2.25,3.309,47.1
관악구,중개거래,3.1,2.353,-24.1
관악구,중개거래,3.8,3.608,-5.1
관악구,중개거래,1.93,2.389,23.8
관악구,중개거래,2.68,2.553,-4.8
관악구,중개거래,1.98,1.909,-3.6
관악구,중개거래,3.8,3.765,-0.9
관악구,중개거래,2.82,3.171,12.4
관악구,중개거래,6.0,4.994,-16.8
관악구,중개거래,1.7,1.378,-18.9
관악구,중개거래,9.0,9.171,1.9
관악구,중개거래,2.65,3.091,16.6
관악구,중개거래,5.73,6.207,8.3
관악구,직거래,3.5,3.722,6.3
관악구,중개거래,3.4,3.806,11.9
관악구,중개거래,3.4,3.806,11.9
관악구,중개거래,2.9,2.988,3.0
관악구,중개거래,4.49,3.576,-20.4
관악구,중개거래,3.9,2.786,-28.6
관악구,중개거래,4.5,4.103,-8.8
관악구,중개거래,3.33,3.126,-6.1
관악구,중개거래,4.05,3.947,-2.5
관악구,중개거래,3.58,3.472,-3.0
관악구,중개거래,1.2,2.3,91.7
관악구,중개거래,1.55,1.43,-7.7
관악구,중개거래,2.45,2.448,-0.1
관악구,중개거래,6.75,6.093,-9.7
강남구,중개거래,12.4,12.875,3.8
강남구,중개거래,7.3,6.927,-5.1
강남구,중개거래,6.6,9.609,45.6
강남구,중개거래,2.95,3.446,16.8
강남구,중개거래,5.21,5.425,4.1
강남구,중개거래,12.5,12.906,3.2
강남구,중개거래,6.5,7.208,10.9
강남구,중개거래,3.4,3.619,6.4
강남구,중개거래,17.5,14.622,-16.4
강남구,중개거래,5.35,5.813,8.7
강남구,중개거래,2.95,3.762,27.5
강남구,중개거래,7.0,8.137,16.2
강남구,중개거래,5.1,4.813,-5.6
강남구,중개거래,16.0,17.111,6.9
강남구,중개거래,8.0,7.997,-0.0
강남구,중개거래,8.7,10.34,18.9
강남구,중개거래,7.5,7.694,2.6
강남구,중개거래,6.34,8.526,34.5
강남구,중개거래,9.1,8.779,-3.5
강남구,중개거래,12.0,12.906,7.5
강남구,중개거래,12.0,13.775,14.8
강남구,중개거래,7.6,7.494,-1.4
강남구,중개거래,7.8,8.264,6.0
강남구,중개거래,18.3,18.213,-0.5
강남구,중개거래,7.075,9.284,31.2
강남구,중개거래,4.99,4.958,-0.6
강남구,중개거래,12.45,12.906,3.7
강남구,중개거래,8.8,9.504,8.0
강남구,중개거래,8.9,10.958,23.1
강남구,중개거래,7.0,6.478,-7.5
강남구,중개거래,15.3,12.975,-15.2
강남구,중개거래,1.7,2.527,48.6
강남구,중개거래,4.8,5.544,15.5
강남구,중개거래,6.25,5.464,-12.6
강남구,중개거래,12.55,12.906,2.8
강남구,직거래,14.0,11.164,-20.3
강남구,중개거래,2.8,3.157,12.7
강남구,중개거래,5.5,5.001,-9.1
강남구,중개거래,5.05,4.668,-7.6
강남구,중개거래,5.5,7.12,29.5
강남구,중개거래,8.7,7.465,-14.2
강남구,중개거래,7.4,5.438,-26.5
강남구,중개거래,9.0,7.802,-13.3
강남구,중개거래,6.5,7.091,9.1
강남구,중개거래,13.45,10.38,-22.8
강남구,중개거래,8.55,6.375,-25.4
강남구,중개거래,2.4,3.253,35.5
강남구,중개거래,12.0,13.112,9.3
강남구,중개거래,16.0,15.347,-4.1
강남구,중개거래,7.25,8.951,23.5
강남구,중개거래,5.4,4.023,-25.5
강남구,중개거래,4.07,4.785,17.6
강남구,중개거래,7.0,7.281,4.0
강남구,중개거래,5.99,5.936,-0.9
강남구,중개거래,1.45,1.848,27.4
강남구,중개거래,7.5,10.879,45.0
강남구,중개거래,3.75,4.358,16.2
강남구,중개거래,12.0,9.629,-19.8
강남구,중개거래,4.665,9.586,105.5
강남구,중개거래,8.7,9.839,13.1
강남구,중개거래,3.25,3.059,-5.9
강남구,중개거래,3.1,3.128,0.9
강남구,중개거래,25.2,17.148,-32.0
강남구,중개거래,4.5,5.833,29.6
강남구,중개거래,13.5,12.806,-5.1
강남구,중개거래,3.3,3.85,16.7
강남구,중개거래,4.85,5.914,21.9
강남구,중개거래,7.5,9.19,22.5
강남구,중개거래,2.834,3.058,7.9
강남구,중개거래,2.835,3.07,8.3
강남구,중개거래,2.835,3.077,8.5
강남구,중개거래,2.835,3.077,8.5
강남구,중개거래,2.885,3.166,9.7
강남구,중개거래,2.834,3.058,7.9
강남구,중개거래,2.835,3.07,8.3
강남구,중개거래,2.835,3.077,8.5
강남구,중개거래,2.835,3.077,8.5
강남구,중개거래,2.834,3.169,11.8
강남구,중개거래,2.834,3.029,6.9
강남구,중개거래,2.835,3.048,7.5
강남구,중개거래,2.835,3.048,7.5
강남구,중개거래,4.3,5.403,25.7
강남구,중개거래,4.035,4.805,19.1
강남구,중개거래,4.195,5.311,26.6
강남구,중개거래,4.21,5.376,27.7
강남구,중개거래,4.75,4.564,-3.9
강남구,중개거래,5.3,6.011,13.4
강남구,중개거래,8.65,8.415,-2.7
강남구,중개거래,4.65,4.752,2.2
강남구,중개거래,11.8,10.754,-8.9
강남구,중개거래,9.7,7.983,-17.7
강남구,중개거래,9.5,9.764,2.8
강남구,직거래,3.0,4.437,47.9
강남구,중개거래,2.95,3.216,9.0
강남구,중개거래,7.3,8.042,10.2
강남구,중개거래,8.7,10.155,16.7
강남구,중개거래,25.8,17.148,-33.5
강남구,중개거래,7.5,8.91,18.8
강남구,중개거래,5.7,7.159,25.6
강남구,직거래,4.3,9.477,120.4
강남구,중개거래,7.4,7.769,5.0
강남구,중개거래,7.4,7.428,0.4
강남구,중개거래,5.9,5.855,-0.8
강남구,중개거래,7.1,6.774,-4.6
강남구,직거래,4.5,4.99,10.9
강남구,중개거래,9.4,11.218,19.3
강남구,중개거래,6.5,7.032,8.2
강남구,중개거래,11.0,14.834,34.9
강남구,중개거래,2.43,3.579,47.3
강남구,중개거래,3.4,3.161,-7.0
강남구,중개거래,9.2,13.573,47.5
강남구,중개거래,3.5,4.286,22.5
강남구,중개거래,7.5,7.772,3.6
강남구,중개거래,10.75,12.257,14.0
강남구,중개거래,5.5,5.047,-8.2
강남구,중개거래,3.12,3.61,15.7
강남구,중개거래,3.88,4.451,14.7
강남구,중개거래,6.9,6.73,-2.5
강남구,중개거래,3.5,3.85,10.0
강남구,중개거래,11.0,15.083,37.1
강남구,중개거래,1.378,2.115,53.6
강남구,중개거래,4.3,4.445,3.4
강남구,중개거래,4.3,3.713,-13.7
강남구,중개거래,6.4,8.073,26.1
강남구,중개거래,7.84,8.57,9.3
강남구,직거래,3.2,4.408,37.8
강남구,중개거래,2.8,3.867,38.1
강남구,중개거래,5.6,3.115,-44.4
강남구,중개거래,2.15,3.514,63.5
강남구,중개거래,7.8,9.931,27.3
강남구,중개거래,3.6,4.644,29.0
강남구,중개거래,9.5,6.953,-26.8
강남구,중개거래,5.78,4.723,-18.3
강남구,중개거래,8.3,6.699,-19.3
강남구,중개거래,7.75,8.857,14.3
강남구,중개거래,7.8,8.856,13.5
강남구,중개거래,5.15,6.201,20.4
강남구,직거래,17.0,30.987,82.3
강남구,직거래,4.16,5.481,31.7
강남구,중개거래,3.49,3.226,-7.6
강남구,중개거래,65.0,56.987,-12.3
강남구,중개거래,5.5,4.926,-10.4
강남구,중개거래,3.6,3.847,6.9
강남구,중개거래,3.8,4.038,6.3
강남구,중개거래,4.9,5.476,11.8
강남구,중개거래,5.0,5.026,0.5
강남구,중개거래,4.1,4.332,5.7
강남구,중개거래,13.8,12.902,-6.5
강남구,중개거래,3.59,3.662,2.0
강남구,중개거래,6.4,5.873,-8.2
강남구,중개거래,3.9,4.008,2.8
강남구,중개거래,7.67,7.737,0.9
강남구,중개거래,6.9,5.81,-15.8
강남구,중개거래,1.795,1.966,9.5
강남구,중개거래,8.1,8.029,-0.9
강남구,중개거래,3.8,3.228,-15.1
강남구,중개거래,4.1,3.92,-4.4
강남구,직거래,3.65,3.896,6.8
강남구,중개거래,5.95,5.735,-3.6
강남구,중개거래,7.5,6.502,-13.3
강남구,중개거래,9.5,8.874,-6.6
강남구,중개거래,3.89,3.827,-1.6
강남구,직거래,3.5,4.081,16.6
강남구,중개거래,4.5,4.479,-0.5
강남구,직거래,7.5,8.248,10.0
강남구,중개거래,2.5,3.014,20.6
강남구,직거래,7.05,8.791,24.7
강남구,중개거래,6.35,7.497,18.1
강남구,중개거래,4.27,4.148,-2.8
강남구,중개거래,10.7,8.355,-21.9
강남구,중개거래,5.25,4.926,-6.2
강남구,중개거래,3.6,3.61,0.3
강남구,중개거래,8.3,9.57,15.3
강남구,중개거래,6.9,5.451,-21.0
강남구,중개거래,4.8,5.018,4.6
강남구,중개거래,4.88,5.362,9.9
강남구,중개거래,4.7,5.042,7.3
강남구,중개거래,4.85,5.357,10.4
강남구,직거래,2.7,2.918,8.1
강남구,직거래,2.7,2.896,7.2
강남구,직거래,2.75,3.019,9.8
강남구,직거래,3.05,3.867,26.8
강남구,중개거래,6.9,6.711,-2.7
강남구,중개거래,5.9,5.48,-7.1
강남구,중개거래,6.0,6.979,16.3
강남구,중개거래,5.8,6.019,3.8
강남구,중개거래,2.9,3.315,14.3
강남구,중개거래,7.0,4.138,-40.9
강남구,중개거래,4.4,4.63,5.2
강남구,중개거래,4.1,4.511,10.0
강남구,중개거래,2.05,2.195,7.1
강남구,중개거래,5.85,6.21,6.2
강남구,중개거래,3.6,3.678,2.2
강남구,중개거래,7.8,7.552,-3.2
강남구,중개거래,3.8,3.48,-8.4
강남구,중개거래,10.3,7.802,-24.3
강남구,직거래,3.0,2.881,-4.0
강남구,직거래,2.7,3.143,16.4
강남구,중개거래,2.8,3.192,14.0
강남구,중개거래,2.6,3.066,17.9
강남구,중개거래,29.5,32.967,11.8
강남구,직거래,2.9,2.791,-3.8
강남구,중개거래,8.25,12.994,57.5
강남구,중개거래,7.662,4.653,-39.3
강남구,중개거래,7.4,6.617,-10.6
강남구,중개거래,4.03,5.444,35.1
강남구,중개거래,4.05,4.04,-0.2
강남구,중개거래,8.1,6.75,-16.7
강남구,중개거래,8.7,9.178,5.5
강남구,중개거래,3.58,3.386,-5.4
강남구,중개거래,4.8,5.854,22.0
강남구,중개거래,8.65,7.312,-15.5
강남구,중개거래,2.85,5.519,93.6
강남구,중개거래,7.5,6.994,-6.8
강남구,중개거래,4.4,4.333,-1.5
강남구,중개거래,4.3,4.642,8.0
강남구,중개거래,4.68,5.046,7.8
강남구,중개거래,4.25,5.456,28.4
강남구,중개거래,4.25,4.338,2.1
강남구,중개거래,5.8,4.871,-16.0
강남구,중개거래,26.8,17.148,-36.0
강남구,중개거래,3.45,4.43,28.4
강남구,중개거래,14.4,12.802,-11.1
강남구,중개거래,4.99,5.36,7.4
강남구,중개거래,9.9,7.206,-27.2
강남구,중개거래,4.8,5.568,16.0
강남구,중개거래,8.8,10.428,18.5
강남구,중개거래,6.6,7.109,7.7
강남구,중개거래,7.8,7.551,-3.2
강남구,중개거래,6.5,5.879,-9.5
강남구,중개거래,2.15,2.089,-2.8
강남구,중개거래,9.3,9.543,2.6
강남구,중개거래,4.2,4.202,0.0
강남구,중개거래,5.7,5.637,-1.1
강남구,중개거래,10.75,8.654,-19.5
강남구,중개거래,3.95,4.216,6.7
강남구,중개거래,13.0,15.473,19.0
강남구,중개거래,6.8,9.439,38.8
강남구,중개거래,4.43,4.323,-2.4
강남구,중개거래,11.7,9.412,-19.6
강남구,중개거래,8.7,11.652,33.9
강남구,중개거래,5.5,5.519,0.3
강남구,중개거래,1.7,2.313,36.1
강남구,중개거래,3.2,4.408,37.8
강남구,중개거래,4.95,5.817,17.5
강남구,중개거래,4.25,4.187,-1.5
강남구,중개거래,7.3,7.356,0.8
강남구,중개거래,7.0,8.319,18.8
강남구,중개거래,3.0,4.395,46.5
강남구,중개거래,2.92,3.164,8.3
강남구,중개거래,2.02,2.915,44.3
강남구,중개거래,4.35,8.244,89.5
강남구,중개거래,5.82,8.409,44.5
강남구,중개거래,7.9,4.734,-40.1
강남구,중개거래,8.2,10.61,29.4
강남구,중개거래,8.35,4.734,-43.3
강남구,중개거래,3.2,6.346,98.3
강남구,중개거래,14.4,12.802,-11.1
강남구,중개거래,9.5,10.555,11.1
강남구,중개거래,8.0,6.476,-19.0
강남구,중개거래,6.4,7.147,11.7
강남구,중개거래,4.95,6.252,26.3
강남구,중개거래,3.0,2.834,-5.5
강남구,중개거래,5.8,3.115,-46.3
강남구,중개거래,3.7,4.085,10.4
강남구,중개거래,4.7,4.755,1.2
강남구,중개거래,7.35,5.673,-22.8
강남구,직거래,3.0,3.114,3.8
강남구,중개거래,13.9,10.258,-26.2
강남구,중개거래,15.7,15.431,-1.7
강남구,중개거래,5.35,5.448,1.8
강남구,중개거래,7.2,6.297,-12.5
강남구,중개거래,8.45,9.104,7.7
강남구,중개거래,5.05,5.107,1.1
강남구,중개거래,6.0,8.015,33.6
강남구,중개거래,6.0,4.761,-20.7
강남구,중개거래,4.46,4.242,-4.9
강남구,중개거래,3.3,3.715,12.6
강남구,중개거래,3.2,3.738,16.8
강남구,중개거래,11.1,14.848,33.8
강남구,중개거래,8.45,5.262,-37.7
강남구,중개거래,4.0,3.764,-5.9
강남구,중개거래,16.0,16.077,0.5
강남구,중개거래,8.0,8.618,7.7
강남구,중개거래,3.9,3.822,-2.0
강남구,중개거래,8.15,6.671,-18.1
강남구,직거래,2.9,2.857,-1.5
강남구,중개거래,4.0,3.809,-4.8
강남구,중개거래,5.15,4.72,-8.4
강남구,중개거래,3.7,3.875,4.7
강남구,중개거래,4.1,4.538,10.7
강남구,중개거래,8.0,7.366,-7.9
강남구,직거래,4.5,4.079,-9.3
강남구,중개거래,8.0,5.736,-28.3
강남구,중개거래,8.37,7.992,-4.5
강남구,중개거래,8.0,7.502,-6.2
강남구,중개거래,6.5,4.768,-26.6
강남구,중개거래,6.9,7.081,2.6
강남구,중개거래,14.0,13.407,-4.2
강남구,중개거래,8.0,6.883,-14.0
강남구,중개거래,8.99,8.219,-8.6
강남구,중개거래,6.3,7.56,20.0
강남구,중개거래,5.2,5.136,-1.2
강남구,직거래,5.5,9.577,74.1
강남구,중개거래,7.2,8.422,17.0
강남구,직거래,4.0,16.912,322.8
강남구,중개거래,6.65,7.262,9.2
강남구,중개거래,3.35,3.608,7.7
강남구,중개거래,8.9,6.148,-30.9
강남구,중개거래,8.0,7.556,-5.6
강남구,중개거래,7.5,11.192,49.2
강남구,중개거래,14.5,15.849,9.3
강남구,중개거래,7.45,8.044,8.0
강남구,중개거래,3.55,3.736,5.3
강남구,중개거래,1.79,2.042,14.1
강남구,중개거래,19.0,18.558,-2.3
강남구,중개거래,7.5,11.192,49.2
강남구,직거래,7.0,12.222,74.6
강남구,중개거래,6.3,10.638,68.9
강남구,중개거래,9.1,9.28,2.0
강남구,중개거래,1.35,1.498,10.9
강남구,직거래,2.0,5.574,178.7
강남구,중개거래,3.48,5.675,63.1
강남구,중개거래,3.3,3.707,12.3
강남구,중개거래,3.7,4.107,11.0
강남구,중개거래,24.3,26.76,10.1
강남구,중개거래,6.5,5.605,-13.8
강남구,중개거래,8.2,9.144,11.5
강남구,중개거래,1.92,2.01,4.7
강남구,중개거래,3.2,3.86,20.6
강남구,중개거래,8.05,7.552,-6.2
강남구,중개거래,3.0,3.301,10.0
강남구,직거래,5.5,8.032,46.0
강남구,중개거래,6.79,7.03,3.5
강남구,중개거래,5.25,4.858,-7.5
강남구,중개거래,1.5,3.618,141.2
강남구,중개거래,2.2,2.426,10.3
강남구,중개거래,12.2,11.21,-8.1
강남구,중개거래,1.73,1.832,5.9
강남구,중개거래,3.3,4.188,26.9
강남구,중개거래,2.35,4.307,83.3
강남구,중개거래,2.35,2.292,-2.5
강남구,중개거래,4.46,5.106,14.5
강남구,중개거래,4.46,5.106,14.5
강남구,중개거래,4.62,5.266,14.0
강남구,중개거래,4.62,5.266,14.0
강남구,직거래,9.8,9.495,-3.1
강남구,중개거래,6.5,8.45,30.0
강남구,중개거래,9.5,12.03,26.6
강남구,직거래,5.8,5.669,-2.3
강남구,중개거래,10.0,12.471,24.7
강남구,중개거래,7.05,7.702,9.2
강남구,중개거래,4.2,4.494,7.0
강남구,중개거래,3.5,3.951,12.9
강남구,중개거래,5.1,5.451,6.9
강남구,직거래,1.945,2.189,12.6
강남구,직거래,1.945,2.189,12.6
강남구,직거래,2.369,2.838,19.8
강남구,직거래,1.945,2.189,12.6
강남구,직거래,1.945,2.189,12.6
강남구,직거래,2.369,2.838,19.8
강남구,직거래,1.915,2.167,13.1
강남구,직거래,1.915,2.167,13.1
강남구,직거래,2.325,2.81,20.9
강남구,중개거래,7.8,6.715,-13.9
강남구,중개거래,2.4,2.742,14.3
강남구,중개거래,4.95,5.483,10.8
강남구,중개거래,5.25,4.78,-9.0
강남구,중개거래,6.5,8.286,27.5
강남구,중개거래,3.48,3.912,12.4
강남구,중개거래,2.1,3.758,79.0
강남구,중개거래,5.94,5.972,0.5
강남구,중개거래,15.7,19.005,21.0
강남구,중개거래,9.5,8.782,-7.6
강남구,중개거래,2.22,2.244,1.1
강남구,중개거래,29.0,35.556,22.6
강남구,중개거래,2.0,2.468,23.4
강남구,중개거래,4.5,4.803,6.7
강남구,중개거래,13.3,16.165,21.5
강남구,중개거래,3.85,3.602,-6.4
강남구,중개거래,3.1,3.675,18.5
강남구,중개거래,16.5,19.183,16.3
강남구,중개거래,2.1,2.394,14.0
강남구,중개거래,12.0,12.944,7.9
강남구,중개거래,3.8,4.377,15.2
강남구,중개거래,8.15,7.068,-13.3
강남구,직거래,3.1,7.023,126.5
강남구,중개거래,2.2,2.422,10.1
강남구,중개거래,3.49,3.848,10.3
강남구,중개거래,1.75,1.755,0.3
강남구,직거래,6.0,7.971,32.8
강남구,직거래,5.4,5.745,6.4
강남구,중개거래,2.49,3.721,49.4
강남구,중개거래,5.15,3.459,-32.8
강남구,중개거래,6.9,5.607,-18.7
강남구,중개거래,3.67,4.397,19.8
강남구,중개거래,6.6,7.063,7.0
강남구,중개거래,5.85,4.203,-28.2
강남구,중개거래,3.45,3.317,-3.8
강남구,중개거래,13.3,11.806,-11.2
강남구,중개거래,6.55,5.607,-14.4
강남구,중개거래,1.75,2.023,15.6
강남구,중개거래,3.39,3.762,11.0
강남구,중개거래,2.668,3.464,29.8
강남구,중개거래,3.309,4.153,25.5
강남구,중개거래,3.415,3.734,9.3
강남구,중개거래,4.59,4.813,4.9
강남구,중개거래,7.525,7.275,-3.3
강남구,중개거래,3.415,3.734,9.3
강남구,중개거래,4.59,4.813,4.9
강남구,중개거래,7.525,7.275,-3.3
강남구,중개거래,16.864,15.915,-5.6
강남구,중개거래,1.63,2.115,29.8
강남구,중개거래,3.3,3.966,20.2
강남구,중개거래,8.45,17.136,102.8
강남구,중개거래,6.8,4.542,-33.2
강남구,중개거래,4.45,4.55,2.2
강남구,직거래,7.5,6.967,-7.1
강남구,중개거래,5.5,4.896,-11.0
강남구,중개거래,4.4,4.562,3.7
강남구,직거래,9.4,10.507,11.8
강남구,중개거래,5.05,4.437,-12.1
강남구,중개거래,7.4,7.19,-2.8
강남구,중개거래,5.7,6.27,10.0
강남구,직거래,7.7,9.156,18.9
강남구,중개거래,2.95,3.707,25.7
강남구,중개거래,4.475,4.942,10.4
강남구,중개거래,3.9,3.872,-0.7
강남구,중개거래,31.9,31.973,0.2
강남구,중개거래,23.7,33.575,41.7
강남구,중개거래,5.9,5.588,-5.3
강남구,중개거래,4.0,4.032,0.8
강남구,중개거래,4.2,3.044,-27.5
강남구,중개거래,6.0,5.973,-0.5
강남구,중개거래,4.4,4.348,-1.2
강남구,중개거래,4.8,7.744,61.3
강남구,중개거래,4.0,3.574,-10.6
강남구,중개거래,7.3,6.995,-4.2
강남구,중개거래,3.85,3.75,-2.6
강남구,중개거래,1.95,2.237,14.7
강남구,중개거래,6.9,7.229,4.8
강남구,중개거래,5.45,6.27,15.1
강남구,중개거래,3.1,2.919,-5.8
강남구,중개거래,4.8,5.907,23.1
강남구,중개거래,6.47,4.22,-34.8
강남구,중개거래,1.95,1.875,-3.8
강남구,중개거래,2.0,1.93,-3.5
강남구,중개거래,3.1,3.443,11.1
강남구,중개거래,3.9,3.584,-8.1
강남구,중개거래,6.95,6.453,-7.1
강남구,중개거래,1.9,2.049,7.8
강남구,중개거래,3.2,2.661,-16.8
강남구,중개거래,4.8,4.934,2.8
강남구,중개거래,5.0,4.704,-5.9
강남구,중개거래,14.6,15.253,4.5
강남구,중개거래,4.7,4.395,-6.5
강남구,중개거래,2.29,2.864,25.1
강남구,중개거래,4.3,4.19,-2.6
강남구,중개거래,4.27,4.033,-5.6
강남구,중개거래,6.0,6.12,2.0
강남구,중개거래,2.2,2.184,-0.7
강남구,중개거래,5.04,5.799,15.1
강남구,중개거래,3.3,3.661,10.9
강남구,중개거래,7.2,7.779,8.0
강남구,중개거래,3.0,3.19,6.3
강남구,중개거래,9.9,7.985,-19.3
강남구,중개거래,2.95,2.89,-2.0
강남구,중개거래,4.79,5.137,7.2
강남구,중개거래,7.0,6.101,-12.8
강남구,중개거래,11.8,14.087,19.4
강남구,중개거래,3.5,3.526,0.7
강남구,중개거래,7.01,6.742,-3.8
강남구,중개거래,5.25,6.011,14.5
강남구,중개거래,17.0,13.971,-17.8
강남구,중개거래,4.1,5.048,23.1
강남구,중개거래,5.4,5.103,-5.5
강남구,중개거래,5.32,5.675,6.7
강남구,직거래,3.2,2.63,-17.8
강남구,중개거래,10.19,7.743,-24.0
강남구,중개거래,1.65,1.832,11.0
강남구,중개거래,2.1,2.068,-1.5
강남구,중개거래,5.3,5.552,4.8
강남구,중개거래,26.0,17.148,-34.0
강남구,중개거래,3.6,2.707,-24.8
강남구,중개거래,3.7,4.24,14.6
강남구,중개거래,3.5,3.816,9.0
강남구,중개거래,3.4,3.581,5.3
강남구,중개거래,6.75,7.696,14.0
강남구,중개거래,11.8,11.451,-3.0
강남구,중개거래,5.8,5.456,-5.9
강남구,중개거래,5.9,5.893,-0.1
강남구,중개거래,9.0,8.286,-7.9
강남구,직거래,2.4,4.343,80.9
강남구,중개거래,9.2,9.175,-0.3
강남구,중개거래,10.7,9.355,-12.6
강남구,중개거래,3.1,3.611,16.5
강남구,중개거래,6.6,6.0,-9.1
강남구,중개거래,3.8,2.346,-38.3
강남구,직거래,9.45,11.721,24.0
강남구,중개거래,3.1,5.393,74.0
강남구,중개거래,3.86,3.787,-1.9
강남구,중개거래,5.9,6.71,13.7
강남구,중개거래,5.0,4.073,-18.5
강남구,직거래,5.29,3.351,-36.7
강남구,중개거래,5.7,7.329,28.6
강남구,중개거래,6.9,4.485,-35.0
강남구,직거래,10.9,13.132,20.5
강남구,중개거래,5.5,4.26,-22.5
강남구,중개거래,3.6,3.946,9.6
강남구,중개거래,20.8,21.161,1.7
강남구,중개거래,7.6,7.208,-5.2
강남구,중개거래,8.99,6.662,-25.9
강남구,중개거래,7.5,8.139,8.5
강남구,중개거래,5.0,4.827,-3.5
강남구,중개거래,5.0,4.66,-6.8
강남구,중개거래,6.1,6.382,4.6
강남구,중개거래,5.1,5.92,16.1
강남구,중개거래,3.4,3.282,-3.5
강남구,중개거래,5.48,5.409,-1.3
강남구,중개거래,64.0,49.04,-23.4
강남구,중개거래,8.0,6.502,-18.7
강남구,중개거래,5.45,5.715,4.9
강남구,중개거래,3.8,4.098,7.8
강남구,중개거래,6.2,3.865,-37.7
강남구,중개거래,3.7,4.237,14.5
강남구,직거래,8.4,10.957,30.4
강남구,중개거래,9.6,7.469,-22.2
강남구,중개거래,5.5,5.0,-9.1
강남구,중개거래,4.07,4.195,3.1
강남구,직거래,8.9,8.563,-3.8
강남구,직거래,9.7,10.904,12.4
강남구,직거래,3.0,3.77,25.7
강남구,중개거래,18.4,20.555,11.7
강남구,중개거래,3.35,3.342,-0.3
강남구,중개거래,1.63,1.832,12.4
강남구,중개거래,4.9,5.889,20.2
강남구,직거래,8.9,8.51,-4.4
강남구,중개거래,3.6,2.106,-41.5
강남구,중개거래,5.0,4.944,-1.1
강남구,중개거래,4.5,5.225,16.1
강남구,중개거래,5.85,6.582,12.5
강남구,중개거래,2.3,2.53,10.0
강남구,중개거래,7.75,6.947,-10.4
강남구,직거래,3.15,3.032,-3.7
강남구,중개거래,4.82,5.158,7.0
강남구,중개거래,2.15,1.937,-9.9
강남구,중개거래,5.5,4.508,-18.0
강남구,중개거래,5.5,4.998,-9.1
강남구,중개거래,4.2,3.271,-22.1
강남구,중개거래,2.25,2.023,-10.1
강남구,중개거래,3.72,4.094,10.0
강남구,중개거래,8.0,6.849,-14.4
강남구,중개거래,12.5,9.151,-26.8
강남구,중개거래,2.1,2.059,-2.0
강남구,중개거래,8.05,5.372,-33.3
강남구,중개거래,4.8,4.779,-0.4
강남구,중개거래,3.25,3.188,-1.9
강남구,중개거래,3.79,3.931,3.7
강남구,중개거래,8.3,7.185,-13.4
강남구,중개거래,9.8,8.749,-10.7
강남구,중개거래,10.0,8.749,-12.5
강남구,직거래,5.226,9.523,82.2
강남구,중개거래,7.93,9.042,14.0
강남구,중개거래,3.77,4.096,8.7
강남구,중개거래,18.0,17.835,-0.9
강남구,중개거래,7.06,5.212,-26.2
강남구,중개거래,8.3,9.537,14.9
강남구,중개거래,8.9,8.41,-5.5
강남구,직거래,11.6,14.072,21.3
강남구,중개거래,3.5,3.349,-4.3
강남구,중개거래,9.5,9.473,-0.3
강남구,직거래,4.2,3.271,-22.1
강남구,중개거래,5.5,4.966,-9.7
강남구,중개거래,3.65,3.2,-12.3
강남구,직거래,5.0,8.074,61.5
강남구,직거래,1.9,1.937,1.9
강남구,중개거래,7.05,6.587,-6.6
강남구,중개거래,6.45,4.585,-28.9
강남구,직거래,2.35,3.34,42.1
강남구,중개거래,3.5,3.673,4.9
